date,headline,source
6/27/2019 4:12:00 PM ,Mitsubishi weighs new Canadian engineering design center in Montreal  ,Reuters
6/27/2019 4:08:00 PM ,"Most Latam FX fall, Brazil's real firms  ",Reuters
6/27/2019 4:07:08 PM - ,G20 & Quarter End Means Lively Friday FX Trade  ,Kathy Lien
6/27/2019 4:05:00 PM ,Wall Street rises on investor optimism ahead of G20  ,Reuters
6/27/2019 4:05:00 PM ,US STOCKS SNAPSHOT-Wall Street rises on investor optimism ahead of G20  ,Reuters
6/27/2019 4:03:53 PM - ,"Daily Dividend Report: WOR, DIS, DD, LMT, HPQ  ",BNK Invest
6/27/2019 4:00:49 PM - ,"Health Care Sector Update for 06/27/2019: HQY,ZGNX,OVID,PDCO  ",MT Newswires
6/27/2019 4:00:04 PM - ,"Pre-Market Earnings Report for June 28, 2019 :  STZ, JKS  ",NASDAQ.com News
6/27/2019 4:00:00 PM - ,"Technology Sector Update for 06/27/2019: COUP,BB,BB.TO  ",MT Newswires
6/27/2019 3:58:10 PM - ,"Consumer Sector Update for 06/27/2019: NAKD,JWN,MLHR,ROST  ",MT Newswires
6/27/2019 3:57:00 PM ,U.S. healthcare reform ideas are too single-minded  ,Reuters
6/27/2019 3:56:04 PM - ,"Energy Sector Update for 06/27/2019: ENB,ENB.TO,WTI,TRP,TRP.TO,PTEN  ",MT Newswires
6/27/2019 3:55:54 PM - ,Cantel Medical Corp (CMD) Shares Cross Above 200 DMA  ,BNK Invest
6/27/2019 3:55:00 PM ,U.S. FCC probes whether Sinclair misled agency during failed Tribune deal  ,Reuters
6/27/2019 3:52:32 PM - ,State Of Flow Part II: Magnolia Oil And Gas Corp's Big Bet On Cash Flow Creation  ,SeekingAlpha
6/27/2019 3:52:00 PM ,Italy's Atlantia and Rome in open warfare over minister's comments  ,Reuters
6/27/2019 3:51:00 PM ,"'We only want to sell our oil,' Iran official says before nuclear talks  ",Reuters
6/27/2019 3:48:00 PM - ,"Apple Music Hits 60 Million Subscribers, Services Chief Eddy Cue Confirms  ",Motley Fool
6/27/2019 3:45:30 PM - ,Thursday's ETF with Unusual Volume: XT  ,BNK Invest
6/27/2019 3:44:44 PM - ,"Thursday's ETF Movers: XBI, XLE  ",BNK Invest
6/27/2019 3:43:56 PM - ,"Thursday Sector Laggards: Precious Metals, Entertainment Stocks  ",BNK Invest
6/27/2019 3:43:05 PM - ,"Thursday Sector Leaders: General Contractors & Builders, Construction Materials & Machinery Stocks  ",BNK Invest
6/27/2019 3:32:27 PM - ,Shaw Communications Inc. (SJR) Q3 Earnings Call Transcript  ,Motley Fool
6/27/2019 3:32:00 PM ,FDA warns of cybersecurity risk to certain Medtronic insulin pumps  ,Reuters
6/27/2019 3:30:00 PM - ,"Tariffs, The Fed, And A Safe 6% Yield You Can Buy Now  ",StreetAuthority
6/27/2019 3:27:00 PM ,Goldman Sachs lowers rate paid on Marcus savings accounts  ,Reuters
6/27/2019 3:24:00 PM ,Health of hospitalised Tunisian president begins to improve -adviser  ,Reuters
6/27/2019 3:23:23 PM - ,Apogee Enterprises Inc (APOG) Q1 2020 Earnings Call Transcript  ,Motley Fool
6/27/2019 3:23:18 PM - ,Accenture PLC (ACN) Q3 2019 Earnings Call Transcript  ,Motley Fool
6/27/2019 3:18:27 PM - ,"Noteworthy Thursday Option Activity: SRPT, FDP, ZBRA  ",BNK Invest
6/27/2019 3:18:25 PM - ,"Noteworthy Thursday Option Activity: GDDY, SUM, FIZZ  ",BNK Invest
6/27/2019 3:18:21 PM - ,"Noteworthy Thursday Option Activity: MLHR, NXPI, AGO  ",BNK Invest
6/27/2019 3:18:06 PM - ,"Notable Thursday Option Activity: OSPN, MU, CRUS  ",BNK Invest
6/27/2019 3:18:02 PM - ,"Noteworthy Thursday Option Activity: MDR, RHT, LB  ",BNK Invest
6/27/2019 3:15:00 PM - ,Is Breaking Up Hard to Do?  ,Zacks.com
6/27/2019 3:11:41 PM - ,Annaly Capital Management (NLY) Passes Through 11% Yield Mark  ,BNK Invest
6/27/2019 3:06:00 PM - ,Renaissance Capital Announces the Availability of Options on IPO ETF  ,Renaissance Capital
6/27/2019 3:05:00 PM ,FOREX -Dollar little changed as traders await news from G20 summit  ,Reuters
6/27/2019 3:04:00 PM - ,"Crypto News: Bitcoin Plunges, Coinbase Suffers Outage  ",Motley Fool
6/27/2019 3:03:00 PM ,Public support for Brazil President Bolsonaro eroding  ,Reuters
6/27/2019 3:02:19 PM - ,Analyst: Buy These 2 Chip Stocks Now  ,Motley Fool
6/27/2019 3:01:00 PM - ,3 Top Stocks Under $20  ,Motley Fool
6/27/2019 2:55:00 PM ,"Mexican central bank holds rates steady, but board splits  ",Reuters
6/27/2019 2:55:00 PM ,Mexico central bank holds rates steady but board splits  ,Reuters
6/27/2019 2:55:00 PM - ,3 Auto Industry Stocks to Buy Right Now  ,Zacks.com
6/27/2019 2:47:00 PM ,"Twitter to deemphasize, label politician tweets that break its rules  ",Reuters
6/27/2019 2:46:20 PM - ,"Thursday Sector Leaders: Financial, Technology & Communications  ",BNK Invest
6/27/2019 2:43:29 PM - ,"Thursday Sector Laggards: Utilities, Energy  ",BNK Invest
6/27/2019 2:34:11 PM - ,Mid-Afternoon Market Update: Dow Rises Over 50 Points; Adaptive Biotechnologies Shares Spike Higher  ,Benzinga
6/27/2019 2:30:00 PM - ,Market-Beating Fixed Income ETFs of Q2  ,Zacks.com
6/27/2019 2:29:57 PM - ,"Buy Ford and General Motors, but Sell Tesla Stock?  ",Motley Fool
6/27/2019 2:29:00 PM ,US STOCKS-Wall St rallies as investors eye G20 summit  ,Reuters
6/27/2019 2:29:00 PM ,"One dead, at least 24 wounded as bombs hit buses in Iraq's Kirkuk  ",Reuters
6/27/2019 2:29:00 PM ,Wall St rallies as investors eye G20 summit  ,Reuters
6/27/2019 2:23:56 PM - ,25 Business Tips on How to Save Money  ,Due.com
6/27/2019 2:23:33 PM - ,Patterson Companies Inc (PDCO) Q4 2019 Earnings Call Transcript  ,Motley Fool
6/27/2019 2:23:25 PM - ,"ConAgra Foods, Inc. (CAG) Q4 2019 Earnings Call Transcript  ",Motley Fool
6/27/2019 2:23:21 PM - ,Walgreens Boots Alliance Inc (WBA) Q3 2019 Earnings Call Transcript  ,Motley Fool
6/27/2019 2:23:17 PM - ,GMS Inc. (GMS) Q4 2019 Earnings Call Transcript  ,Motley Fool
6/27/2019 2:23:02 PM - ,"Federal Agricultural Mortgage Corp's 6.000% Fixed-to-Floating Rate Non-Cumulative Preferred Stock, Series C Goes Ex-Dividend Soon  ",BNK Invest
6/27/2019 2:22:42 PM - ,"Commit To Buy American Woodmark Corp. At $65, Earn 8.1% Annualized Using Options  ",BNK Invest
6/27/2019 2:22:30 PM - ,"Commit To Purchase Caterpillar At $85, Earn 3.8% Using Options  ",BNK Invest
6/27/2019 2:21:39 PM - ,"Agree To Purchase Harris Corp. At $190, Earn 12.6% Annualized Using Options  ",BNK Invest
6/27/2019 2:21:35 PM - ,"Allstate's Preferred Stock, Series E Shares Cross 6.5% Yield Mark  ",BNK Invest
6/27/2019 2:21:20 PM - ,"Commit To Purchase Harsco Corp. At $22.50, Earn 9.5% Annualized Using Options  ",BNK Invest
6/27/2019 2:20:41 PM - ,"Commit To Buy Roper Technologies At $340, Earn 5.5% Annualized Using Options  ",BNK Invest
6/27/2019 2:20:19 PM - ,"Commit To Purchase Sleep Number Corp At $34, Earn 16.2% Annualized Using Options  ",BNK Invest
6/27/2019 2:19:31 PM - ,"Commit To Buy Varonis System At $50, Earn 10.8% Annualized Using Options  ",BNK Invest
6/27/2019 2:17:00 PM - ,Here's Why Dova Pharmaceuticals Stock Jumped Higher Today  ,Motley Fool
6/27/2019 2:16:00 PM ,Western intelligence hacked 'Russia's Google' Yandex to spy on accounts  ,Reuters
6/27/2019 2:12:43 PM - ,"SunTrust Banks' Preferred Stock, Series A Shares Cross 4.5% Yield Mark  ",BNK Invest
6/27/2019 2:10:00 PM ,Fed's Daly says it's too early to say rate cut is needed -Bloomberg TV interview  ,Reuters
6/27/2019 2:07:56 PM - ,Ingredion Named Top Dividend Stock With Insider Buying and 3.10% Yield (INGR)  ,BNK Invest
6/27/2019 2:06:08 PM - ,The 5 Fastest Growing Economies In The World  ,Prableen Bajpai
6/27/2019 2:05:00 PM ,"PRECIOUS-Gold eases on U.S.-China trade optimism, holds above $1,400/oz  ",Reuters
6/27/2019 2:00:03 PM - ,"After-Hours Earnings Report for June 27, 2019 :  NKE, PRGS, SGH, FC, CAMP, CDMO  ",NASDAQ.com News
6/27/2019 2:00:00 PM - ,"Walgreens Boots Alliance Tops Q3 Earnings Estimates, but Growth Remains Elusive  ",Motley Fool
6/27/2019 1:58:45 PM - ,TransferWise Launches Traveler- and Immigrant-Friendly Debit Card  ,NerdWallet
6/27/2019 1:58:00 PM ,"U.S. STOCKS ON THE MOVE-Conagra, Adaptive Biotechnologies, Aclaris Therapeutics, Peak Resorts  ",Reuters
6/27/2019 1:55:51 PM - ,"Energy Sector Update for 06/27/2019: WTI,TRP,TRP.TO,PTEN  ",MT Newswires
6/27/2019 1:53:00 PM ,"Bitcoin sell-off accelerates, breaking below $11,000  ",Reuters
6/27/2019 1:51:00 PM ,Wall St holds on to gains ahead of G20 summit  ,Reuters
6/27/2019 1:51:00 PM ,US STOCKS-Wall St holds on to gains ahead of G20 summit  ,Reuters
6/27/2019 1:48:00 PM ,Coffee slump reaps bitter harvest for Central American migrants  ,Reuters
6/27/2019 1:46:01 PM - ,Instagram Is Finally Opening Up Some of Its Best Advertising Real Estate  ,Motley Fool
6/27/2019 1:44:05 PM - ,"Commit To Purchase Wingstop At $70, Earn 9% Using Options  ",BNK Invest
6/27/2019 1:43:58 PM - ,"Consumer Sector Update for 06/27/2019: JWN,MLHR,ROST  ",MT Newswires
6/27/2019 1:38:00 PM ,State Street pays $88.8 mln to settle U.S. SEC charges over hidden fund markups  ,Reuters
6/27/2019 1:38:00 PM ,"State Street pays $94.3 mln to settle U.S., state charges over hidden fund markups  ",Reuters
6/27/2019 1:36:02 PM - ,"Notable Thursday Option Activity: AMZN, BKNG, LEN  ",BNK Invest
6/27/2019 1:36:00 PM ,France's Orange to sell remaining stake in Britain's BT  ,Reuters
6/27/2019 1:35:51 PM - ,"Notable Thursday Option Activity: KSS, GOOGL, AAPL  ",BNK Invest
6/27/2019 1:34:37 PM - ,"Financial Sector Update for 06/27/2019: OMF,QD,HRB  ",MT Newswires
6/27/2019 1:34:00 PM ,Japan Display to receive $100 mln investment from Apple as part of bailout deal  ,Reuters
6/27/2019 1:32:21 PM - ,"Noteworthy Thursday Option Activity: CAG, TXN, ACN  ",BNK Invest
6/27/2019 1:32:18 PM - ,"Noteworthy Thursday Option Activity: ADSK, STZ, AZO  ",BNK Invest
6/27/2019 1:23:21 PM - ,Herman Miller Inc (MLHR) Q4 2019 Earnings Call Transcript  ,Motley Fool
6/27/2019 1:19:46 PM - ,"Technology Sector Update for 06/27/2019: PECK,COUP,BB  ",MT Newswires
6/27/2019 1:18:00 PM ,France's Orange to sell entire 2.5% stake in Britain's BT  ,Reuters
6/27/2019 1:11:00 PM ,"U.S. STOCKS ON THE MOVE-Aclaris Therapeutics, Motus GI Holdings, Conagra, Atossa Genetics  ",Reuters
6/27/2019 1:10:37 PM - ,"Health Care Sector Update for 06/27/2019: ZGNX,OVID,PDCO  ",MT Newswires
6/27/2019 1:09:00 PM ,"Michigan sues Enbridge in U.S., seeks to shut oil pipeline through Great Lakes  ",Reuters
6/27/2019 1:09:00 PM - ,Here's Why Aclaris Therapeutics Stock Collapsed Today  ,Motley Fool
6/27/2019 1:00:00 PM - ,5 Market-Beating Dividend ETFs of 1H  ,Zacks.com
6/27/2019 12:57:00 PM ,Airlines cancel more Boeing 737 MAX flights as some crash victims refuse to settle  ,Reuters
6/27/2019 12:56:01 PM - ,Mid-Day Market Update: ASV Holdings Gains Following Merger News; Aclaris Therapeutics Shares Drop  ,Benzinga
6/27/2019 12:53:00 PM - ,Why Patterson Companies Stock Dropped 10% This Morning  ,Motley Fool
6/27/2019 12:50:00 PM ,Boeing bonds widen on new 737 Max concerns  ,Reuters
6/27/2019 12:44:00 PM - ,"Diodes, Enviva, Intuit, Facebook and Cisco highlighted as Zacks Bull and Bear of the Day  ",Zacks.com
6/27/2019 12:43:00 PM - ,Why TripAdvisor Stock Is Up 5.5% Today  ,Motley Fool
6/27/2019 12:41:00 PM ,Ex UBS compliance officer jailed for insider dealing  ,Reuters
6/27/2019 12:41:00 PM ,Google Cloud absorbs Alphabet cybersecurity firm Chronicle  ,Reuters
6/27/2019 12:41:00 PM - ,Buy Alibaba (BABA) Despite Decline in Chinese Stocks?  ,Zacks.com
6/27/2019 12:39:00 PM - ,"Zacks Earnings Trends Highlights: Lennar, FedEx and Micron  ",Zacks.com
6/27/2019 12:37:00 PM - ,"The Zacks Industry Rank Highlights: Encore, LexinFintech, Navient, Ally and Sallie Mae  ",Zacks.com
6/27/2019 12:36:00 PM - ,Why Herman Miller Stock Popped 16%  ,Motley Fool
6/27/2019 12:35:00 PM ,European shares hand back gains after White House dampens Sino-U.S. trade optimism  ,Reuters
6/27/2019 12:34:00 PM ,DoValue buys 85% of Altamira Asset Management for 360 million euros  ,Reuters
6/27/2019 12:32:00 PM ,South Africa's Grand Parade appoints acting CEO as new head  ,Reuters
6/27/2019 12:32:00 PM - ,"Zacks Market Edge Highlights: Facebook, Gilead, Disney, Grubhub and Microsoft  ",Zacks.com
6/27/2019 12:31:00 PM ,Swiss government triggers countermeasures in EU bourse battle  ,Reuters
6/27/2019 12:30:00 PM ,South Africa's rand lifted by hopes of U.S.-China trade truce  ,Reuters
6/27/2019 12:27:00 PM ,State Street to pay $88.8 mln to settle with U.S. SEC on mutual fund overcharges  ,Reuters
6/27/2019 12:27:00 PM - ,"Zacks.com featured highlights include: Rent-A-Center, Aaron's, Casey's, Magellan Health and NorthWestern  ",Zacks.com
6/27/2019 12:26:00 PM ,UK's Harry and Meghan head to Africa for first family tour  ,Reuters
6/27/2019 12:26:00 PM ,Accident at Glencore mine kills at least 39 in Congo  ,Reuters
6/27/2019 12:26:00 PM ,Accident at Glencore mine kills at least 41 in Congo  ,Reuters
6/27/2019 12:23:19 PM - ,Worthington Industries Inc (WOR) Q4 2019 Earnings Call Transcript  ,Motley Fool
6/27/2019 12:22:00 PM ,Turkey dollar bonds gain after large inflows into local markets  ,Reuters
6/27/2019 12:21:00 PM - ,Chinese Stocks: Value Stocks or Traps?  ,Zacks.com
6/27/2019 12:19:00 PM ,Swiss foreign minister hopes bourse battle with EU just temporary  ,Reuters
6/27/2019 12:19:00 PM - ,Cannabis Beverages May Not Give the High HEXO and Molson Coors Are Looking For  ,Motley Fool
6/27/2019 12:17:00 PM - ,Here's Why Zogenix Shares Rose as Much as 23.8% Today  ,Motley Fool
6/27/2019 12:15:00 PM - ,Stocks Fluctuate Ahead of Trump-Xi Meeting at G20  ,Nasdaq
6/27/2019 12:14:00 PM - ,"Zacks.com featured highlights include: Caseys, Lithia Motors, Lockheed, TeleTech and Intuit  ",Zacks.com
6/27/2019 12:09:00 PM ,South Africa's PPC annual earnings rise on cost saving initiatives  ,Reuters
6/27/2019 12:08:41 PM - ,"Commit To Buy Owens Corning At $42.50, Earn 7.8% Using Options  ",BNK Invest
6/27/2019 12:08:00 PM ,Wall St trims gains after Kudlow's trade comments  ,Reuters
6/27/2019 12:08:00 PM ,US STOCKS-Wall St trims gains after Kudlow's trade comments  ,Reuters
6/27/2019 12:07:00 PM ,"Oil edges lower ahead of G20, OPEC meeting  ",Reuters
6/27/2019 12:01:00 PM ,"India says to sell Air India, citing better performance  ",Reuters
6/27/2019 12:00:27 PM - ,XLNX August 9th Options Begin Trading  ,BNK Invest
6/27/2019 12:00:21 PM - ,IEF August 9th Options Begin Trading  ,BNK Invest
6/27/2019 12:00:18 PM - ,August 9th Options Now Available For Vertex Pharmaceuticals (VRTX)  ,BNK Invest
6/27/2019 12:00:05 PM - ,August 9th Options Now Available For Symantec (SYMC)  ,BNK Invest
6/27/2019 12:00:00 PM ,"Michigan sues Enbridge in U.S., seeks to shut oil pipeline under Great Lakes  ",Reuters
6/27/2019 12:00:00 PM - ,August 9th Options Now Available For Marriott International (MAR)  ,BNK Invest
6/27/2019 12:00:00 PM - ,"The Zacks Analyst Blog Highlights: GEO, Arbor Realty, Clipper, Pinnacle and Brookfield Renewable  ",Zacks.com
6/27/2019 12:00:00 PM - ,Here's Why Over 58% of Consumers Use Cash-Back Cards  ,Motley Fool
6/27/2019 12:00:00 PM - ,A Comprehensive Guide to Federal Student Loan Repayment Plans  ,Motley Fool
6/27/2019 11:59:23 AM - ,Interesting CTSH Put And Call Options For August 9th  ,BNK Invest
6/27/2019 11:59:22 AM - ,STX August 9th Options Begin Trading  ,BNK Invest
6/27/2019 11:59:13 AM - ,August 9th Options Now Available For Weight Watchers International (WW)  ,BNK Invest
6/27/2019 11:58:58 AM - ,August 9th Options Now Available For Altaba (AABA)  ,BNK Invest
6/27/2019 11:58:19 AM - ,EXAS August 9th Options Begin Trading  ,BNK Invest
6/27/2019 11:58:17 AM - ,AKAM August 9th Options Begin Trading  ,BNK Invest
6/27/2019 11:58:16 AM - ,Interesting VIAB Put And Call Options For August 9th  ,BNK Invest
6/27/2019 11:58:13 AM - ,UAL August 9th Options Begin Trading  ,BNK Invest
6/27/2019 11:58:11 AM - ,AGNC August 9th Options Begin Trading  ,BNK Invest
6/27/2019 11:57:47 AM - ,August 9th Options Now Available For SunPower (SPWR)  ,BNK Invest
6/27/2019 11:57:25 AM - ,August 9th Options Now Available For First Solar (FSLR)  ,BNK Invest
6/27/2019 11:57:00 AM - ,Why DuPont (DD) Could Be Positioned for a Slump  ,Zacks.com
6/27/2019 11:56:38 AM - ,First Week of CHTR August 16th Options Trading  ,BNK Invest
6/27/2019 11:56:30 AM - ,YNDX August 9th Options Begin Trading  ,BNK Invest
6/27/2019 11:56:27 AM - ,BlackBerry Enters Oversold Territory (BB)  ,BNK Invest
6/27/2019 11:56:24 AM - ,Tootsie Roll Industries is Now Oversold (TR)  ,BNK Invest
6/27/2019 11:56:19 AM - ,KKR Real Estate Finance Trust Enters Oversold Territory (KREF)  ,BNK Invest
6/27/2019 11:56:14 AM - ,Lennar Enters Oversold Territory (LEN)  ,BNK Invest
6/27/2019 11:56:00 AM - ,What Makes Madison Square Garden (MSG) a Strong Sell?  ,Zacks.com
6/27/2019 11:55:53 AM - ,August 9th Options Now Available For NXP Semiconductors (NXPI)  ,BNK Invest
6/27/2019 11:55:47 AM - ,Apollo Commercial Real Estate Finance (ARI) Shares Cross Below 200 DMA  ,BNK Invest
6/27/2019 11:55:00 AM - ,SYNNEX (SNX) Catches Eye: Stock Jumps 8%  ,Zacks.com
6/27/2019 11:54:18 AM - ,Zogenix Breaks Above 200-Day Moving Average - Bullish for ZGNX  ,BNK Invest
6/27/2019 11:53:57 AM - ,Huron Consulting Group (HURN) Shares Cross Below 200 DMA  ,BNK Invest
6/27/2019 11:51:00 AM - ,"The Zacks Analyst Blog Highlights: AngloGold, SPDR Gold Trust and Vaneck Vectors Gold  ",Zacks.com
6/27/2019 11:50:37 AM - ,S&P 500 Analyst Moves: NCLH  ,BNK Invest
6/27/2019 11:50:00 AM ,"PRECIOUS-Gold eases on U.S.-China trade optimism; holds above $1,400  ",Reuters
6/27/2019 11:50:00 AM ,"Gold eases on U.S.-China trade optimism; holds above $1,400  ",Reuters
6/27/2019 11:50:00 AM ,"Gold eases on U.S.-China trade optimism, holds above $1,400/oz  ",Reuters
6/27/2019 11:48:00 AM - ,"The Zacks Analyst Blog Highlights: JPMorgan, Wells Fargo, Duke Energy, General Motors and Norfolk  ",Zacks.com
6/27/2019 11:47:00 AM ,Large option bets keep pound pinned near $1.27  ,Reuters
6/27/2019 11:45:00 AM - ,Why Pareteum Stock Jumped Thursday  ,Motley Fool
6/27/2019 11:42:25 AM - ,Stock Market News: Boeing Hits More Turbulence; WageWorks Agrees to a Deal  ,Motley Fool
6/27/2019 11:41:00 AM ,Student accommodation provider Unite in advanced talks to buy Liberty Living  ,Reuters
6/27/2019 11:40:00 AM - ,"The Zacks Analyst Blog Highlights: Merck, Tractor Supply, IDEXX and CVS  ",Zacks.com
6/27/2019 11:38:31 AM - ,3 Ways to Play the New Bull Market in Gold Stocks  ,InvestorPlace Media
6/27/2019 11:37:00 AM ,Swiss government to mediate Cameroon peace talks  ,Reuters
6/27/2019 11:35:00 AM ,Euro zone bond yields dip as German inflation disappoints  ,Reuters
6/27/2019 11:35:00 AM ,"Howard Hughes Corp hires Centerview to explore options, including sale  ",Reuters
6/27/2019 11:35:00 AM ,"Howard Hughes hires Centerview Partners to explore options, including sale  ",Reuters
6/27/2019 11:34:00 AM ,UK Labour politicians slam party for re-admitting lawmaker in anti-Semitism dispute  ,Reuters
6/27/2019 11:33:59 AM - ,Commercial Metals (CMC) Shares Cross Above 200 DMA  ,BNK Invest
6/27/2019 11:31:00 AM ,Palestinian PM expects no political plan from U.S. Bahrain workshop  ,Reuters
6/27/2019 11:29:46 AM - ,Shopify Stock Will Struggle to Move Higher in the Short-Term  ,InvestorPlace Media
6/27/2019 11:29:00 AM ,Pemex study details 'severe' air quality impact from Mexican refinery  ,Reuters
6/27/2019 11:27:00 AM ,Emerging market investors stake more on 'benign outcome' to China-U.S. trade talks  ,Reuters
6/27/2019 11:27:00 AM ,Michigan files suit seeking to shut down Enbridge oil pipeline in Great Lakes  ,Reuters
6/27/2019 11:18:20 AM - ,Aurora Cannabis (ACB) Shares Cross Above 200 DMA  ,BNK Invest
6/27/2019 11:18:00 AM - ,Dark Data: Innovative Companies and Knowledge Workers Are Diving Into the Abyss  ,Zacks.com
6/27/2019 11:17:00 AM - ,McCormick Deals With a Long Winter  ,Motley Fool
6/27/2019 11:16:00 AM - ,"Conagra (CAG) Misses on Q4 Earnings & Sales, Stock Down  ",Zacks.com
6/27/2019 11:16:00 AM - ,Top Ranked Income Stocks to Buy for June 27th  ,Zacks.com
6/27/2019 11:15:00 AM - ,Top Ranked Momentum Stocks to Buy for June 27th  ,Zacks.com
6/27/2019 11:14:00 AM - ,Is it Wise to Hold Realty Income Stock in Your Portfolio?  ,Zacks.com
6/27/2019 11:14:00 AM - ,Nokia's New Massive MIMO Solution Chosen by China Mobile  ,Zacks.com
6/27/2019 11:13:00 AM ,Student accommodation firm Unite Group in advanced talks to buy Liberty Living  ,Reuters
6/27/2019 11:12:00 AM - ,Hibbett (HIBB) Stock Up 32% on Robust Omni-Channel Efforts  ,Zacks.com
6/27/2019 11:11:01 AM - ,The Financial Select Sector SPDR Fund Experiences Big Outflow  ,BNK Invest
6/27/2019 11:11:00 AM ,"Japan PM Abe, China's Xi agree on need for 'free, fair' trade  ",Reuters
6/27/2019 11:11:00 AM - ,Where’s the VR/AR Future?  ,Motley Fool
6/27/2019 11:10:58 AM - ,"Notable ETF Outflow Detected - SMH, TSM, TXN, NVDA  ",BNK Invest
6/27/2019 11:10:56 AM - ,SPTL: ETF Outflow Alert  ,BNK Invest
6/27/2019 11:10:00 AM ,Carl Icahn lands blow on weakened Occidental  ,Reuters
6/27/2019 11:09:00 AM ,Canadian navy ships sailed through Taiwan strait amid tension with China  ,Reuters
6/27/2019 11:08:01 AM - ,The 7 Top Small-Cap Stocks Of 2019  ,InvestorPlace Media
6/27/2019 11:08:00 AM ,Telecom Italia upbeat on shareholder relations after board appointment  ,Reuters
6/27/2019 11:08:00 AM - ,L3 Technologies Wins Deal to Upgrade Navy Submarine Sensors  ,Zacks.com
6/27/2019 11:06:00 AM - ,Planet Fitness Strategic Efforts Bode Well: Should You Hold?  ,Zacks.com
6/27/2019 11:05:30 AM - ,"Nasdaq 100 Movers: ROST, WBA  ",BNK Invest
6/27/2019 11:05:00 AM - ,Square’s Embrace of Alternative Markets Could Drive SQ Stock Growth  ,InvestorPlace Media
6/27/2019 11:05:00 AM - ,"AMC Stubs A-List Is a Hit, but Not AMC Entertainment Stock  ",Motley Fool
6/27/2019 11:04:37 AM - ,Interesting APA Put And Call Options For August 9th  ,BNK Invest
6/27/2019 11:04:36 AM - ,Interesting NSC Put And Call Options For August 9th  ,BNK Invest
6/27/2019 11:04:33 AM - ,August 9th Options Now Available For Kroger (KR)  ,BNK Invest
6/27/2019 11:04:14 AM - ,Interesting WMB Put And Call Options For August 9th  ,BNK Invest
6/27/2019 11:04:08 AM - ,August 9th Options Now Available For Sony (SNE)  ,BNK Invest
6/27/2019 11:04:03 AM - ,August 9th Options Now Available For Weyerhaeuser (WY)  ,BNK Invest
6/27/2019 11:03:50 AM - ,August 9th Options Now Available For Archer Daniels Midland (ADM)  ,BNK Invest
6/27/2019 11:03:47 AM - ,August 9th Options Now Available For PPG Industries (PPG)  ,BNK Invest
6/27/2019 11:03:43 AM - ,August 9th Options Now Available For Honeywell International (HON)  ,BNK Invest
6/27/2019 11:03:31 AM - ,"Notable ETF Inflow Detected - IHI, TMO, BDX, ISRG  ",BNK Invest
6/27/2019 11:03:30 AM - ,"Noteworthy ETF Inflows: MTUM, SBUX, HON, DHR  ",BNK Invest
6/27/2019 11:03:28 AM - ,"XLI, UNP, UTX, MMM: Large Inflows Detected at ETF  ",BNK Invest
6/27/2019 11:03:26 AM - ,"DIA, BA, UNH, GS: ETF Inflow Alert  ",BNK Invest
6/27/2019 11:03:21 AM - ,"XLV, AMGN, LLY, SYK: ETF Outflow Alert  ",BNK Invest
6/27/2019 11:03:09 AM - ,August 9th Options Now Available For Bank of America (BAC)  ,BNK Invest
6/27/2019 11:03:05 AM - ,Interesting MRO Put And Call Options For August 9th  ,BNK Invest
6/27/2019 11:03:03 AM - ,HSY August 9th Options Begin Trading  ,BNK Invest
6/27/2019 11:03:02 AM - ,NEM August 9th Options Begin Trading  ,BNK Invest
6/27/2019 11:02:02 AM - ,"Dow Movers: BA, WBA  ",BNK Invest
6/27/2019 11:02:00 AM ,"U.S. STOCKS ON THE MOVE-Conagra, Walgreens, Zogenix, Aclaris Therapeutics  ",Reuters
6/27/2019 11:01:28 AM - ,Universal Display Corporation Puts Profits in Focus  ,InvestorPlace Media
6/27/2019 11:00:14 AM - ,"IWD, JNJ, WMT, MDT: Large Inflows Detected at ETF  ",BNK Invest
6/27/2019 11:00:13 AM - ,"IYR, CCI, PLD, SPG: ETF Inflow Alert  ",BNK Invest
6/27/2019 11:00:07 AM - ,iShares Currency Hedged MSCI EAFE ETF Experiences Big Inflow  ,BNK Invest
6/27/2019 10:59:57 AM - ,August 9th Options Now Available For Standard and Poors Global (SPGI)  ,BNK Invest
6/27/2019 10:59:54 AM - ,OKE August 9th Options Begin Trading  ,BNK Invest
6/27/2019 10:59:52 AM - ,AIG August 9th Options Begin Trading  ,BNK Invest
6/27/2019 10:59:41 AM - ,Interesting DOV Put And Call Options For August 9th  ,BNK Invest
6/27/2019 10:59:39 AM - ,August 9th Options Now Available For PNC Financial Services Group (PNC)  ,BNK Invest
6/27/2019 10:59:35 AM - ,LB August 9th Options Begin Trading  ,BNK Invest
6/27/2019 10:59:14 AM - ,"S&P 500 Movers: CAG, WBA  ",BNK Invest
6/27/2019 10:58:28 AM - ,"Thursday 6/27 Insider Buying Report: ELOX, ADC  ",BNK Invest
6/27/2019 10:58:00 AM ,Mexico's president defiant in row with Canada over pipeline contracts  ,Reuters
6/27/2019 10:58:00 AM - ,"Rite Aid (RAD) Incurs Loss in Q1, Revenues Decline Y/Y  ",Zacks.com
6/27/2019 10:57:22 AM - ,"EFA, FUT: Big ETF Outflows  ",BNK Invest
6/27/2019 10:56:29 AM - ,"IGSB, HECO: Big ETF Inflows  ",BNK Invest
6/27/2019 10:56:00 AM - ,Moving Average Crossover Alert: Molina Healthcare  ,Zacks.com
6/27/2019 10:55:00 AM - ,Moving Average Crossover Alert: World Wrestling Entertainment  ,Zacks.com
6/27/2019 10:54:00 AM - ,Lilly's Study on Higher Doses of Trulicity Meets Endpoint  ,Zacks.com
6/27/2019 10:54:00 AM - ,Moving Average Crossover Alert: Bed Bath & Beyond  ,Zacks.com
6/27/2019 10:52:00 AM - ,Moving Average Crossover Alert: New Age Beverages  ,Zacks.com
6/27/2019 10:48:00 AM ,Uncertainty hangs over ADP sale as Macron faces delicate decisions  ,Reuters
6/27/2019 10:48:00 AM - ,"Accenture (ACN) Q3 Earnings Surpass Estimates, FY19 View Up  ",Zacks.com
6/27/2019 10:44:00 AM ,Dollar on hold as market awaits news from G20 summit  ,Reuters
6/27/2019 10:44:00 AM ,FOREX-Dollar on hold as market awaits news from G20 summit  ,Reuters
6/27/2019 10:42:00 AM ,Boeing shares slip as grounded 737 MAX faces new hurdle  ,Reuters
6/27/2019 10:39:00 AM ,Howard Hughes hires Centerview Partners to explore strategic alternatives  ,Reuters
6/27/2019 10:39:00 AM - ,Why Shares of Conagra Are Down on Thursday  ,Motley Fool
6/27/2019 10:37:19 AM - ,Micron (MU) Still A Buy Even After Thirteen Percent Jump  ,Martin Tillier
6/27/2019 10:33:00 AM ,Brazil pension coordinator says room to vote pension reform this month  ,Reuters
6/27/2019 10:32:00 AM ,TSX slightly lower as focus shifts to G20 summit  ,Reuters
6/27/2019 10:31:30 AM - ,Best ETFs For 2019: The iShares U.S. Healthcare Providers ETF Can Recover  ,InvestorPlace Media
6/27/2019 10:31:00 AM - ,Libra Is More Like PayPal Than Bitcoin  ,Motley Fool
6/27/2019 10:30:35 AM - ,Qualcomm Stock’s Easy Gains May Be Over  ,InvestorPlace Media
6/27/2019 10:30:00 AM - ,FDA Accepts Sanofi's BLA for Meningitis Vaccine to Review  ,Zacks.com
6/27/2019 10:25:00 AM - ,"Walgreens Boots (WBA) Q3 Earnings Top Estimates, Margins Dip  ",Zacks.com
6/27/2019 10:23:00 AM ,Sizing up QE2: How a new round of ECB bond buys might pan out  ,Reuters
6/27/2019 10:23:00 AM - ,Q1 GDP Remains Unchanged  ,Zacks.com
6/27/2019 10:22:00 AM - ,Voya Financial Up 33% Year to Date: Will the Rally Continue?  ,Zacks.com
6/27/2019 10:21:59 AM - ,Best Stocks for 2019: Better Days Ahead for GOOS Stock  ,InvestorPlace Media
6/27/2019 10:21:00 AM ,China footwear retail unit files for Hong Kong IPO to raise $1 bln  ,Reuters
6/27/2019 10:19:00 AM ,"Brazil's real, stocks weaken on pension reform concerns  ",Reuters
6/27/2019 10:19:00 AM - ,This High-Yield Dividend Stock Could Be 20% Undervalued  ,Motley Fool
6/27/2019 10:18:00 AM ,Amazon Web Services to boost Argentina presence with data 'Edge'  ,Reuters
6/27/2019 10:18:00 AM - ,Inovio Up on Enrollment Closure in Cervical Dysplasia Study  ,Zacks.com
6/27/2019 10:18:00 AM - ,Boston Scientific Strong on Growth Goals and Future Launches  ,Zacks.com
6/27/2019 10:17:00 AM ,Loan manager Credito Fondiario taps Goldman in Italy expansion  ,Reuters
6/27/2019 10:15:03 AM - ,Shaw Communications (SJR) Q3 Earnings Surpass Estimates  ,Zacks.com
6/27/2019 10:15:00 AM - ,"This Marijuana REIT Boosted Its Dividend 33%, but Is It a Good Income Stock?  ",Motley Fool
6/27/2019 10:14:33 AM - ,Mid-Morning Market Update: Markets Mostly Higher; Walgreens Earnings Top Views  ,Benzinga
6/27/2019 10:14:00 AM - ,"Q1 GDP Stays 3.1%, Jobless Claims Climb to 227K  ",Zacks.com
6/27/2019 10:12:00 AM ,UK lawmakers seek to block no-deal Brexit by stopping government funds  ,Reuters
6/27/2019 10:11:00 AM - ,"Auto Stock Roundup: TSLA Might Miss Delivery Target, KMX Q1 Earnings Top  ",Zacks.com
6/27/2019 10:10:00 AM ,"Nissan, Dongfeng in talks to form fleet-management venture with Didi  ",Reuters
6/27/2019 10:10:00 AM ,Wall Street edges higher on tech boost; G20 summit eyed  ,Reuters
6/27/2019 10:10:00 AM ,US STOCKS-Wall Street edges higher on tech boost; G20 summit eyed  ,Reuters
6/27/2019 10:05:00 AM - ,Ryanair Amends Buyback Program to Cut Back UK Shareholding  ,Zacks.com
6/27/2019 10:00:07 AM - ,Here's Why Momentum Investors Will Love W.R. Berkley (WRB)  ,Zacks.com
6/27/2019 10:00:06 AM - ,What Makes Aaron's (AAN) a Strong Momentum Stock: Buy Now?  ,Zacks.com
6/27/2019 10:00:06 AM - ,Here's Why Momentum Investors Will Love Ingersoll-Rand (IR)  ,Zacks.com
6/27/2019 10:00:06 AM - ,Flowserve (FLS) Is Up 3.49% in One Week: What You Should Know  ,Zacks.com
6/27/2019 10:00:06 AM - ,What Makes Booz Allen Hamilton (BAH) a Strong Momentum Stock: Buy Now?  ,Zacks.com
6/27/2019 10:00:00 AM ,"Peru native groups use new legal strategy to push back on oil, mining plans  ",Reuters
6/27/2019 10:00:00 AM ,OAS seeks to increase pressure on Venezuela's Maduro at meeting  ,Reuters
6/27/2019 10:00:00 AM - ,5 Best Leveraged ETFs of June  ,Zacks.com
6/27/2019 9:59:00 AM - ,"Company News for Jun 27, 2019  ",Zacks.com
6/27/2019 9:55:00 AM - ,"Stock Market News for Jun 27, 2019  ",Zacks.com
6/27/2019 9:51:00 AM ,"AFRICA-FX-Kenyan Shilling seen under pressure, Zambian Kwacha firm  ",Reuters
6/27/2019 9:50:00 AM - ,"Dova Receives Approval for Doptelet in Europe, Stock Up  ",Zacks.com
6/27/2019 9:49:00 AM ,Tunisian president hospitalised 'in severe health crisis' - presidency  ,Reuters
6/27/2019 9:49:00 AM ,Zambian court blocks asset sale by Konkola Copper Mines liquidator  ,Reuters
6/27/2019 9:49:00 AM ,"Tunisian president hospitalised ""in severe health crisis"" -presidency  ",Reuters
6/27/2019 9:48:00 AM ,Former allies of Turkey's Erdogan plan rival party after Istanbul defeat  ,Reuters
6/27/2019 9:48:00 AM - ,Cadence Rolls Out DisplayPort 2.0 Compliant Verification IP  ,Zacks.com
6/27/2019 9:48:00 AM - ,RevPAR & ADR Growth Continue to Drive Hotels & Motels Stocks  ,Zacks.com
6/27/2019 9:47:43 AM - ,Big Pharma Gets Bigger  ,Motley Fool
6/27/2019 9:47:00 AM - ,Oracle (ORCL) Rolls Out New Capabilities to Enhance Database  ,Zacks.com
6/27/2019 9:46:00 AM ,Telecom Italia ex-CEO Genish quits board  ,Reuters
6/27/2019 9:45:00 AM - ,5 Reasons to Add Quanta Services Stock to Your Portfolio Now  ,Zacks.com
6/27/2019 9:45:00 AM - ,Should Value Investors Consider Aptiv (APTV) Stock Now?  ,Zacks.com
6/27/2019 9:44:52 AM - ,Three Charts That Show How Dramatic the Drop in Stock Splits Has Been  ,Phil Mackintosh
6/27/2019 9:44:00 AM - ,Patterson Companies' (PDCO) Earnings Miss Estimates in Q4  ,Zacks.com
6/27/2019 9:44:00 AM - ,New Strong Buy Stocks for June 27th  ,Zacks.com
6/27/2019 9:43:12 AM - ,Owens Corning Reaches Analyst Target Price  ,BNK Invest
6/27/2019 9:43:09 AM - ,The M Paradox: Analysts Bearish But Forecast 10.85% Gains  ,BNK Invest
6/27/2019 9:43:07 AM - ,SuperDividend U.S. ETF -- Insider Buying Index Registering 14.3%  ,BNK Invest
6/27/2019 9:43:00 AM - ,FAA Finds New Flaw in 737 Max: Will Airline Stocks Suffer?  ,Zacks.com
6/27/2019 9:41:00 AM - ,"Adtalem Arm Partners With Dillard, Boosts Physician Diversity  ",Zacks.com
6/27/2019 9:40:23 AM - ,TTEC vs. SSTI: Which Stock Should Value Investors Buy Now?  ,Zacks.com
6/27/2019 9:40:23 AM - ,EV vs. HRGLY: Which Stock Is the Better Value Option?  ,Zacks.com
6/27/2019 9:40:23 AM - ,ORCL vs. BLKB: Which Stock Is the Better Value Option?  ,Zacks.com
6/27/2019 9:40:22 AM - ,PRSP vs. EPAM: Which Stock Is the Better Value Option?  ,Zacks.com
6/27/2019 9:40:22 AM - ,SNX or QTWO: Which Is the Better Value Stock Right Now?  ,Zacks.com
6/27/2019 9:40:22 AM - ,CORR vs. VTR: Which Stock Is the Better Value Option?  ,Zacks.com
6/27/2019 9:40:21 AM - ,MEET vs. NICE: Which Stock Is the Better Value Option?  ,Zacks.com
6/27/2019 9:40:12 AM - ,XELB or GOOS: Which Is the Better Value Stock Right Now?  ,Zacks.com
6/27/2019 9:40:11 AM - ,ETRN or OXY: Which Is the Better Value Stock Right Now?  ,Zacks.com
6/27/2019 9:40:11 AM - ,LEGH or INVH: Which Is the Better Value Stock Right Now?  ,Zacks.com
6/27/2019 9:40:00 AM ,Thyssenkrupp workers demand clear strategy for steel unit  ,Reuters
6/27/2019 9:40:00 AM - ,Is Avis Budget Group (CAR) a Good Value Investor Stock?  ,Zacks.com
6/27/2019 9:39:00 AM - ,Reasons to Hold Carpenter Technology in Your Portfolio for Now  ,Zacks.com
6/27/2019 9:37:00 AM ,US STOCKS SNAPSHOT-Wall Street edges higher at open on tech boost  ,Reuters
6/27/2019 9:37:00 AM ,Wall Street edges higher at open on tech boost  ,Reuters
6/27/2019 9:37:00 AM - ,Bayer Sets Up Special Committee to Tackle Glyphosate Lawsuits  ,Zacks.com
6/27/2019 9:36:00 AM ,Austria's AMS AG teams up with China's AI provider Megvii  ,Reuters
6/27/2019 9:36:00 AM - ,"KB Home (KBH) Q2 Earnings & Revenues Top, Shares Up 5.4%  ",Zacks.com
6/27/2019 9:35:33 AM - ,Is Amazon Stock Still a Growth Name?  ,InvestorPlace Media
6/27/2019 9:35:02 AM - ,"Idex (IEX) Hits 52-Week High, Can the Run Continue?  ",Zacks.com
6/27/2019 9:35:00 AM ,TSX opens flat ahead of G20 summit  ,Reuters
6/27/2019 9:35:00 AM - ,Kaman (KAMN) to Divest Distribution Segment to Littlejohn  ,Zacks.com
6/27/2019 9:35:00 AM - ,Is Triton International (TRTN) a Good Value Investor Pick?  ,Zacks.com
6/27/2019 9:32:00 AM - ,LyondellBasell (LYB) Unveils Preliminary Guidance for Q2  ,Zacks.com
6/27/2019 9:32:00 AM - ,Danaher (DHR) Names New Dental Company Envista Holdings  ,Zacks.com
6/27/2019 9:32:00 AM - ,"AECOM Wins a Position in DoS' DiPSS Program, Boosts MS Unit  ",Zacks.com
6/27/2019 9:32:00 AM - ,Astec (ASTE) to Gain From Improving Markets Amid Cost Woes  ,Zacks.com
6/27/2019 9:31:14 AM - ,"Thursday’s Vital Data: Intel, Apple and Nvidia  ",InvestorPlace Media
6/27/2019 9:30:12 AM - ,Is Vipshop Holdings (VIPS) Stock Outpacing Its Computer and Technology Peers This Year?  ,Zacks.com
6/27/2019 9:30:12 AM - ,Is Hibbett Sports (HIBB) Stock Outpacing Its Retail-Wholesale Peers This Year?  ,Zacks.com
6/27/2019 9:30:11 AM - ,Has j2 Global (JCOM) Outpaced Other Computer and Technology Stocks This Year?  ,Zacks.com
6/27/2019 9:30:11 AM - ,Has Diodes (DIOD) Outpaced Other Computer and Technology Stocks This Year?  ,Zacks.com
6/27/2019 9:30:11 AM - ,Has Autohome (ATHM) Outpaced Other Computer and Technology Stocks This Year?  ,Zacks.com
6/27/2019 9:30:11 AM - ,Has Chipotle Mexican Grill (CMG) Outpaced Other Retail-Wholesale Stocks This Year?  ,Zacks.com
6/27/2019 9:30:10 AM - ,Is Costco Wholesale (COST) Stock Outpacing Its Retail-Wholesale Peers This Year?  ,Zacks.com
6/27/2019 9:30:08 AM - ,Why Is Nextgen Healthcare (NXGN) Down 7.6% Since Last Earnings Report?  ,Zacks.com
6/27/2019 9:30:08 AM - ,Workday (WDAY) Up 0.7% Since Last Earnings Report: Can It Continue?  ,Zacks.com
6/27/2019 9:30:07 AM - ,Booz Allen (BAH) Up 3.4% Since Last Earnings Report: Can It Continue?  ,Zacks.com
6/27/2019 9:30:07 AM - ,Why Is Heico (HEI) Up 11.2% Since Last Earnings Report?  ,Zacks.com
6/27/2019 9:30:03 AM - ,Why These 3 Funds Are Getting Crushed (and what to do if you own them)  ,BNK Invest
6/27/2019 9:30:00 AM ,"India regulator tightens rules for pledged shares, mutual funds  ",Reuters
6/27/2019 9:30:00 AM - ,Michael Klein's SPAC Churchill Capital Corp II prices upsized $600 million IPO at $10  ,Renaissance Capital
6/27/2019 9:30:00 AM - ,Top Ranked Value Stocks to Buy for June 27th  ,Zacks.com
6/27/2019 9:30:00 AM - ,Should Value Investors Pick Trinity Industries (TRN) Stock?  ,Zacks.com
6/27/2019 9:30:00 AM - ,"Telecom Stock Roundup: Harris Gets Merger Nod, BlackBerry's Q1 Results & More  ",Zacks.com
6/27/2019 9:30:00 AM - ,QEP Resources' (QEP) Stock Spikes 16% Yesterday: Here's Why  ,Zacks.com
6/27/2019 9:29:00 AM ,Brazil FX reserves cannot be measured solely in financial terms  ,Reuters
6/27/2019 9:29:00 AM - ,US to Drive Global Oil Production Growth in the Next Decade  ,Zacks.com
6/27/2019 9:28:00 AM - ,"McCormick (MKC) Q2 Earnings Beat Estimates, FY19 View Raised  ",Zacks.com
6/27/2019 9:28:00 AM - ,Coupa Partners With PayPal to Offer New Payment Solutions  ,Zacks.com
6/27/2019 9:28:00 AM - ,Alibaba to Attract Overseas Merchants Via English Portal  ,Zacks.com
6/27/2019 9:24:00 AM ,"U.S. STOCKS ON THE MOVE-Motus GI Holdings, Pier 1, Seelos, Conagra  ",Reuters
6/27/2019 9:24:00 AM ,Exxon to partner with carbon capture firm  ,Reuters
6/27/2019 9:23:01 AM - ,Best ETFs for 2019: SPDR Gold Shares (GLD) Is Shining Brighter  ,InvestorPlace Media
6/27/2019 9:23:00 AM - ,4 Large-Cap Utilities on a Roll: Can They Climb Higher?  ,Zacks.com
6/27/2019 9:23:00 AM - ,Will Gaming Stocks' Dry Spell Persist Amid Trade Tensions?  ,Zacks.com
6/27/2019 9:18:00 AM - ,Fortinet to Protect AWS Applications With WAF-as-a-Service  ,Zacks.com
6/27/2019 9:18:00 AM - ,Focus on 4 Liquid Picks on the Top Rung for Robust Returns  ,Zacks.com
6/27/2019 9:15:06 AM - ,Allstate (ALL) is a Top Dividend Stock Right Now: Should You Buy?  ,Zacks.com
6/27/2019 9:15:06 AM - ,Why Washington Federal (WAFD) is a Top Dividend Stock for Your Portfolio  ,Zacks.com
6/27/2019 9:15:06 AM - ,Scotts Miracle-Gro (SMG) is a Top Dividend Stock Right Now: Should You Buy?  ,Zacks.com
6/27/2019 9:15:06 AM - ,Why OceanFirst Financial (OCFC) is a Great Dividend Stock Right Now  ,Zacks.com
6/27/2019 9:15:05 AM - ,This is Why SB Financial (SBFG) is a Great Dividend Stock  ,Zacks.com
6/27/2019 9:15:00 AM ,IBM gains unconditional EU approval for $34 bln Red Hat deal  ,Reuters
6/27/2019 9:15:00 AM - ,Alphabet Earnings: Mark Your Calendar  ,Motley Fool
6/27/2019 9:15:00 AM - ,Oil Slides on Profit Taking After Drawdown in Inventories  ,Nasdaq
6/27/2019 9:13:59 AM - ,"Energy Sector Update for 06/27/2019: IMO, EC, GTE, D, QEP, XOM, CVX, COP, SLB, OXY  ",MT Newswires
6/27/2019 9:13:00 AM ,"Brazil's central bank slashes 2019 GDP growth forecast, sees benign inflation  ",Reuters
6/27/2019 9:13:00 AM ,Wall St set to post small gains at open as investors eye G20 summit  ,Reuters
6/27/2019 9:13:00 AM ,US STOCKS-Wall St set to post small gains at open as investors eye G20 summit  ,Reuters
6/27/2019 9:12:00 AM - ,Payment facilitator The OLB Group files for a $15 million IPO  ,Renaissance Capital
6/27/2019 9:11:00 AM - ,Priam Properties postpones $171 million IPO  ,Renaissance Capital
6/27/2019 9:10:21 AM - ,Is Dana (DAN) a Great Value Stock Right Now?  ,Zacks.com
6/27/2019 9:10:21 AM - ,Is Carrefour (CRRFY) a Great Value Stock Right Now?  ,Zacks.com
6/27/2019 9:10:21 AM - ,Is Deluxe (DLX) a Great Value Stock Right Now?  ,Zacks.com
6/27/2019 9:10:20 AM - ,Is Sierra Bancorp (BSRR) a Great Value Stock Right Now?  ,Zacks.com
6/27/2019 9:10:20 AM - ,Should Value Investors Buy AutoZone (AZO) Stock?  ,Zacks.com
6/27/2019 9:10:20 AM - ,Is AerCap (AER) Stock Undervalued Right Now?  ,Zacks.com
6/27/2019 9:10:20 AM - ,Are Investors Undervaluing China Cosco Holdings (CICOY) Right Now?  ,Zacks.com
6/27/2019 9:10:19 AM - ,Should Value Investors Buy Synnex (SNX) Stock?  ,Zacks.com
6/27/2019 9:10:19 AM - ,Is Tata Motors (TTM) Stock Undervalued Right Now?  ,Zacks.com
6/27/2019 9:10:11 AM - ,Should Value Investors Buy The Hartford (HIG) Stock?  ,Zacks.com
6/27/2019 9:08:00 AM ,Mexico president pushes back after Canada flags concern over contract dispute  ,Reuters
6/27/2019 9:07:00 AM ,"U.S. economy accelerated in first quarter, but momentum fading  ",Reuters
6/27/2019 9:07:00 AM ,"U.S. economic growth surges in Q1, but momentum fizzling  ",Reuters
6/27/2019 9:06:00 AM - ,This Niche Small-Cap Pot Stock Just Made a Game-Changing Acquisition  ,Motley Fool
6/27/2019 9:05:59 AM - ,Trade of the Day: Zoetis Stock Screams Overbought  ,InvestorPlace Media
6/27/2019 9:04:00 AM - ,"Valley National (VLY) to Buy Oritani, Expand in New Jersey  ",Zacks.com
6/27/2019 9:03:00 AM - ,Top Ranked Growth Stocks to Buy for June 27th  ,Zacks.com
6/27/2019 9:02:00 AM - ,The Streaming Wars Are Increasingly Targeting Talent  ,Motley Fool
6/27/2019 9:01:00 AM ,Global rally propels Gulf markets; Saudis lead  ,Reuters
6/27/2019 9:00:08 AM - ,Coherus BioSciences (CHRS) Upgraded to Strong Buy: Here's Why  ,Zacks.com
6/27/2019 9:00:08 AM - ,What Makes Cigna (CI) a New Buy Stock  ,Zacks.com
6/27/2019 9:00:08 AM - ,"What Makes Celcuity, Inc. (CELC) a New Strong Buy Stock  ",Zacks.com
6/27/2019 9:00:08 AM - ,What Makes Brinker International (EAT) a New Buy Stock  ,Zacks.com
6/27/2019 9:00:07 AM - ,Clipper Realty Inc. (CLPR) Upgraded to Strong Buy: Here's Why  ,Zacks.com
6/27/2019 9:00:04 AM - ,"Preformed Line Products Company (PLPC) Ex-Dividend Date Scheduled for June 28, 2019  ",NASDAQ.com News
6/27/2019 9:00:04 AM - ,"Western Asset Mortgage Capital Corporation (WMC) Ex-Dividend Date Scheduled for June 28, 2019  ",NASDAQ.com News
6/27/2019 9:00:04 AM - ,"Steelcase Inc. (SCS) Ex-Dividend Date Scheduled for June 28, 2019  ",NASDAQ.com News
6/27/2019 9:00:04 AM - ,"Pegasystems Inc. (PEGA) Ex-Dividend Date Scheduled for June 28, 2019  ",NASDAQ.com News
6/27/2019 9:00:04 AM - ,"Air Products and Chemicals, Inc. (APD) Ex-Dividend Date Scheduled for June 28, 2019  ",NASDAQ.com News
6/27/2019 9:00:04 AM - ,"Encompass Health Corporation (EHC) Ex-Dividend Date Scheduled for June 28, 2019  ",NASDAQ.com News
6/27/2019 9:00:04 AM - ,"Ventas, Inc. (VTR) Ex-Dividend Date Scheduled for June 28, 2019  ",NASDAQ.com News
6/27/2019 9:00:04 AM - ,"Great Southern Bancorp, Inc. (GSBC) Ex-Dividend Date Scheduled for June 28, 2019  ",NASDAQ.com News
6/27/2019 9:00:04 AM - ,"Independent Bank Corp. (INDB) Ex-Dividend Date Scheduled for June 28, 2019  ",NASDAQ.com News
6/27/2019 9:00:04 AM - ,"General Electric Company (GE) Ex-Dividend Date Scheduled for June 28, 2019  ",NASDAQ.com News
6/27/2019 9:00:04 AM - ,"Bank of Nova Scotia  (BNS) Ex-Dividend Date Scheduled for June 28, 2019  ",NASDAQ.com News
6/27/2019 9:00:04 AM - ,"State Street Corporation (STT) Ex-Dividend Date Scheduled for June 28, 2019  ",NASDAQ.com News
6/27/2019 9:00:04 AM - ,"Consolidated Water Co. Ltd. (CWCO) Ex-Dividend Date Scheduled for June 28, 2019  ",NASDAQ.com News
6/27/2019 9:00:04 AM - ,"CoreCivic, Inc. (CXW) Ex-Dividend Date Scheduled for June 28, 2019  ",NASDAQ.com News
6/27/2019 9:00:04 AM - ,"Farmland Partners Inc. (FPI) Ex-Dividend Date Scheduled for June 28, 2019  ",NASDAQ.com News
6/27/2019 9:00:04 AM - ,"Republic Services, Inc. (RSG) Ex-Dividend Date Scheduled for June 28, 2019  ",NASDAQ.com News
6/27/2019 9:00:04 AM - ,"Wolverine World Wide, Inc. (WWW) Ex-Dividend Date Scheduled for June 28, 2019  ",NASDAQ.com News
6/27/2019 9:00:04 AM - ,"Fulton Financial Corporation (FULT) Ex-Dividend Date Scheduled for June 28, 2019  ",NASDAQ.com News
6/27/2019 9:00:04 AM - ,"Washington Trust Bancorp, Inc. (WASH) Ex-Dividend Date Scheduled for June 28, 2019  ",NASDAQ.com News
6/27/2019 9:00:04 AM - ,"Jernigan Capital, Inc. (JCAP) Ex-Dividend Date Scheduled for June 28, 2019  ",NASDAQ.com News
6/27/2019 9:00:04 AM - ,"ServisFirst Bancshares, Inc. (SFBS) Ex-Dividend Date Scheduled for June 28, 2019  ",NASDAQ.com News
6/27/2019 9:00:04 AM - ,"Monotype Imaging Holdings Inc. (TYPE) Ex-Dividend Date Scheduled for June 28, 2019  ",NASDAQ.com News
6/27/2019 9:00:04 AM - ,"Realty Income Corporation (O) Ex-Dividend Date Scheduled for June 28, 2019  ",NASDAQ.com News
6/27/2019 9:00:04 AM - ,"Ingredion Incorporated (INGR) Ex-Dividend Date Scheduled for June 28, 2019  ",NASDAQ.com News
6/27/2019 9:00:04 AM - ,"Two Harbors Investments Corp (TWO) Ex-Dividend Date Scheduled for June 28, 2019  ",NASDAQ.com News
6/27/2019 9:00:04 AM - ,"Hurco Companies, Inc. (HURC) Ex-Dividend Date Scheduled for June 28, 2019  ",NASDAQ.com News
6/27/2019 9:00:04 AM - ,"The Andersons, Inc. (ANDE) Ex-Dividend Date Scheduled for June 28, 2019  ",NASDAQ.com News
6/27/2019 9:00:04 AM - ,"Cardinal Health, Inc. (CAH) Ex-Dividend Date Scheduled for June 28, 2019  ",NASDAQ.com News
6/27/2019 9:00:04 AM - ,"National General Holdings Corp (NGHC) Ex-Dividend Date Scheduled for June 28, 2019  ",NASDAQ.com News
6/27/2019 9:00:04 AM - ,"Quanta Services, Inc. (PWR) Ex-Dividend Date Scheduled for June 28, 2019  ",NASDAQ.com News
6/27/2019 9:00:04 AM - ,"CBTX, Inc. (CBTX) Ex-Dividend Date Scheduled for June 28, 2019  ",NASDAQ.com News
6/27/2019 9:00:04 AM - ,"Liberty Property Trust (LPT) Ex-Dividend Date Scheduled for June 28, 2019  ",NASDAQ.com News
6/27/2019 9:00:04 AM - ,"Raymond James Financial, Inc. (RJF) Ex-Dividend Date Scheduled for June 28, 2019  ",NASDAQ.com News
6/27/2019 9:00:04 AM - ,"Grupo Aval Acciones y Valores S.A. (AVAL) Ex-Dividend Date Scheduled for June 28, 2019  ",NASDAQ.com News
6/27/2019 9:00:04 AM - ,"BK Technologies Corporation (BKTI) Ex-Dividend Date Scheduled for June 28, 2019  ",NASDAQ.com News
6/27/2019 9:00:04 AM - ,"CubeSmart (CUBE) Ex-Dividend Date Scheduled for June 28, 2019  ",NASDAQ.com News
6/27/2019 9:00:04 AM - ,"China Southern Airlines Company Limited (ZNH) Ex-Dividend Date Scheduled for June 28, 2019  ",NASDAQ.com News
6/27/2019 9:00:00 AM ,Facebook outlines ideas for oversight board  ,Reuters
6/27/2019 9:00:00 AM ,"Overstock.com unit tZERO to launch digital currency wallet, exchange app  ",Reuters
6/27/2019 9:00:00 AM - ,Disney World's Top Rival Fires Back With a New Hotel  ,Motley Fool
6/27/2019 9:00:00 AM - ,Morphic Holding prices upsized IPO at $15 midpoint  ,Renaissance Capital
6/27/2019 8:59:00 AM ,Transat accepts Air Canada's buyout offer over Group Mach's bid  ,Reuters
6/27/2019 8:59:00 AM ,India shelves sale of Air India for now  ,Reuters
6/27/2019 8:59:00 AM ,Transat accepts Air Canada's buyout offer in deal requiring shareholder approval  ,Reuters
6/27/2019 8:59:00 AM ,"Transat accepts Air Canada's buyout offer, deal needs shareholder approval  ",Reuters
6/27/2019 8:59:00 AM ,Indian government clarifies still planning to sell Air India  ,Reuters
6/27/2019 8:58:00 AM - ,PBF Energy (PBF) in Focus: Stock Moves 7.5% Higher  ,Zacks.com
6/27/2019 8:57:11 AM - ,Bitcoin Rally Sets Stage For The Big Short  ,Safehaven
6/27/2019 8:56:00 AM - ,Lockheed Martin Secures $562M FMS Deal for ATACMS Missile  ,Zacks.com
6/27/2019 8:56:00 AM - ,IHS Markit (INFO) Catches Eye: Stock Jumps 5.3%  ,Zacks.com
6/27/2019 8:55:59 AM - ,Failing Trade Talks Could Send Oil To $30  ,Oilprice.com
6/27/2019 8:55:05 AM - ,"Financial Sector Update for 06/27/2019: BX, QD, JPM, BAC, WFC, C, USB  ",MT Newswires
6/27/2019 8:54:00 AM - ,Western Digital (WDC) Jumps: Stock Rises 7.3%  ,Zacks.com
6/27/2019 8:53:00 AM - ,Varian (VAR) & Tennessee Oncology to Implement Use of Noona  ,Zacks.com
6/27/2019 8:53:00 AM - ,M&T Bank (MTB) Rallies 16% YTD: What's Driving the Stock?  ,Zacks.com
6/27/2019 8:52:00 AM - ,5 Reasons to Invest in Hilltop Holdings (HTH) Stock Now  ,Zacks.com
6/27/2019 8:52:00 AM - ,Air Products (APD) Wins Contract to Supply MEMC Korea's Fab  ,Zacks.com
6/27/2019 8:52:00 AM - ,Owens Corning (OC) Catches Eye: Stock Jumps 7.3%  ,Zacks.com
6/27/2019 8:51:00 AM - ,Here's Why You Should Add Hawaiian Electric (HE) Stock Now  ,Zacks.com
6/27/2019 8:50:54 AM - ,Trade Optimism Takes USD/JPY Through 108.00  ,Boris Schlossberg
6/27/2019 8:50:00 AM - ,Accenture to Buy Australian Cybersecurity Firm BCT Solutions  ,Zacks.com
6/27/2019 8:49:31 AM - ,Markets and G20: Ready. Set. Wait.  ,Marc Chandler
6/27/2019 8:49:00 AM - ,Middle East Tensions Drive US Oil Demand: 4 Likely Gainers  ,Zacks.com
6/27/2019 8:47:00 AM - ,Here's Why Investors May Find Dunkin' Brands Appetizing Now  ,Zacks.com
6/27/2019 8:46:00 AM ,Unions at Chuquicamata copper mine to vote again on Codelco offer  ,Reuters
6/27/2019 8:46:00 AM - ,Options Traders Expect Huge Moves in Rite Aid (RAD) Stock  ,Zacks.com
6/27/2019 8:45:05 AM - ,Here is Why Growth Investors Should Buy Western Alliance (WAL) Now  ,Zacks.com
6/27/2019 8:45:04 AM - ,"Is Costco (COST) a Solid Growth Stock? 3 Reasons to Think "" Yes ""  ",Zacks.com
6/27/2019 8:45:04 AM - ,3 Reasons Why Growth Investors Shouldn't Overlook Red Hat (RHT)  ,Zacks.com
6/27/2019 8:45:00 AM - ,6 Reasons Your Budget is Impossible to Stick To  ,Motley Fool
6/27/2019 8:44:00 AM ,FOREX-Dollar index flat after final U.S. Q1 GDP data  ,Reuters
6/27/2019 8:44:00 AM ,Dollar index flat after final U.S. Q1 GDP data  ,Reuters
6/27/2019 8:44:00 AM - ,BofA (BAC) to Exit Association With Private Prison Companies  ,Zacks.com
6/27/2019 8:44:00 AM - ,Here's Why it is Wise to Hold Signature Bank (SBNY) Stock  ,Zacks.com
6/27/2019 8:44:00 AM - ,Will Wind Beat Hydro in the US Energy Generation Race?  ,Zacks.com
6/27/2019 8:43:00 AM ,Toyota to invest $2 bln developing electric vehicles in Indonesia  ,Reuters
6/27/2019 8:43:00 AM ,Toyota to invest $2 bln in developing electric vehicles in Indonesia  ,Reuters
6/27/2019 8:42:00 AM - ,New Strong Sell Stocks for June 27th  ,Zacks.com
6/27/2019 8:41:54 AM - ,Health Care Sector Update for 06/27/2019: DMPI  ,MT Newswires
6/27/2019 8:41:00 AM ,Italian utility Enel launches tender offer for Eletropaulo shareholders - filing  ,Reuters
6/27/2019 8:41:00 AM - ,3 of the Best Stocks With Superb Earnings Acceleration  ,Zacks.com
6/27/2019 8:40:11 AM - ,"With New Trade Deal in Place, EWW Stock Is a Great Play on Mexico  ",InvestorPlace Media
6/27/2019 8:40:00 AM - ,Implied Volatility Surging for Xilinx (XLNX) Stock Options  ,Zacks.com
6/27/2019 8:39:00 AM - ,Here's Why Kaman (KAMN) is Attractive Investment Option Now  ,Zacks.com
6/27/2019 8:38:00 AM - ,Activist Jana Takes a Swing at Callaway Golf  ,Motley Fool
6/27/2019 8:35:02 AM - ,Peak Resorts (SKIS) Q4 Earnings and Revenues Top Estimates  ,Zacks.com
6/27/2019 8:34:54 AM - ,"3 Big Stock Charts for Thursday: H & R Block, Boeing and Eli Lilly  ",InvestorPlace Media
6/27/2019 8:34:20 AM - ,"Consumer Sector Update for 06/27/2019: SKIS, BA, WBA, WMT, MCD, DIS, CVS, KO  ",MT Newswires
6/27/2019 8:33:53 AM - ,5 Dividend Growth Stocks With Upside To Analyst Targets  ,BNK Invest
6/27/2019 8:33:49 AM - ,The Implied Analyst 12-Month Target For CNRG  ,BNK Invest
6/27/2019 8:33:47 AM - ,Banco Santander Chile Reaches Analyst Target Price  ,BNK Invest
6/27/2019 8:32:00 AM - ,Record China Output Drives Steel Production: What's Ahead?  ,Zacks.com
6/27/2019 8:31:00 AM ,Transat accepts Air Canada's buyout offer  ,Reuters
6/27/2019 8:30:00 AM - ,5 Top Tech Gainers of 1H19  ,Zacks.com
6/27/2019 8:28:42 AM - ,VOOV's Underlying Holdings Imply 11% Gain Potential  ,BNK Invest
6/27/2019 8:28:40 AM - ,IVOO's Underlying Holdings Could Mean 12% Gain Potential  ,BNK Invest
6/27/2019 8:28:00 AM - ,BridgeBio Pharma prices upsized IPO above the range at $17 in year's largest biotech IPO  ,Renaissance Capital
6/27/2019 8:27:00 AM ,G20 leaders more preoccupied by domestic woes than ever: Peter Apps  ,Reuters
6/27/2019 8:27:00 AM - ,"Actuant (ATU) Tops Q3 Earnings Estimates, Raises FY19 View  ",Zacks.com
6/27/2019 8:27:00 AM - ,"Netflix to Lose The Office in 2021, Top Executive Steps Down  ",Zacks.com
6/27/2019 8:26:44 AM - ,"Technology Sector Update for 06/27/2019: MSFT, AAPL, IBM, CSCO, GOOG, SBGI, FB, ACN  ",MT Newswires
6/27/2019 8:25:00 AM ,"StanChart, HSBC sharpen EU focus to help clients cut path through Brexit, red tape  ",Reuters
6/27/2019 8:24:13 AM - ,How The Parts Add Up: XLY Targets $130  ,BNK Invest
6/27/2019 8:24:00 AM - ,These 3 Value Stocks Are Absurdly Cheap Right Now  ,Motley Fool
6/27/2019 8:23:57 AM - ,"Pre-Market Most Active for Jun 27, 2019 :  AMD, MGI, QQQ, NIO, SAP, BA, QD, TQQQ, TVIX, NVAX, RIG, WAGE  ",NASDAQ.com News
6/27/2019 8:22:14 AM - ,How The Pieces Add Up: MDYG Headed For $58  ,BNK Invest
6/27/2019 8:22:07 AM - ,The Implied Analyst 12-Month Target For IJK  ,BNK Invest
6/27/2019 8:22:03 AM - ,Analysts Expect SCIU Will Reach $36  ,BNK Invest
6/27/2019 8:22:00 AM - ,4 Putnam Funds Worth Considering  ,Zacks.com
6/27/2019 8:21:00 AM ,Uber targets expansion in fast-growing West African markets  ,Reuters
6/27/2019 8:21:00 AM - ,The First Canadian Pot Stock to Generate Recurring Profits Will Be...  ,Motley Fool
6/27/2019 8:20:00 AM - ,U.S. Business Investment Rebounds in May: 5 Top Picks  ,Zacks.com
6/27/2019 8:18:49 AM - ,Nike (NKE) 4th Quarter Earnings: What to Expect  ,Richard Saintvilus
6/27/2019 8:18:00 AM - ,Can Brown-Forman (BF.B) Withstand Tariff-Related Perils?  ,Zacks.com
6/27/2019 8:18:00 AM - ,U.S. Oil Prices Jump as EIA Reports Largest Draw Since 2016  ,Zacks.com
6/27/2019 8:18:00 AM - ,Better Buy: Kinder Morgan vs. Pattern Energy  ,Motley Fool
6/27/2019 8:18:00 AM - ,3 Retail Stocks That Are Too Cheap to Ignore  ,Motley Fool
6/27/2019 8:17:57 AM - ,Analysts Expect 14% Gains Ahead For EQAL  ,BNK Invest
6/27/2019 8:17:00 AM - ,Better Buy: Brookfield Renewable Partners vs. NextEra Energy Partners  ,Motley Fool
6/27/2019 8:16:56 AM - ,Henry Singleton Would Love Twilio Stock  ,InvestorPlace Media
6/27/2019 8:16:44 AM - ,Analysts See 10% Upside For ONEY  ,BNK Invest
6/27/2019 8:16:43 AM - ,RNLC's Underlying Holdings Could Mean 10% Gain Potential  ,BNK Invest
6/27/2019 8:16:22 AM - ,Look Under The Hood: QQQ Has 10% Upside  ,BNK Invest
6/27/2019 8:16:00 AM - ,3 Reasons You Shouldn't Get a Side Hustle  ,Motley Fool
6/27/2019 8:16:00 AM - ,3 Stocks Poised for Huge Growth Over the Next Decade  ,Motley Fool
6/27/2019 8:15:04 AM - ,Walgreens Boots Alliance (WBA) Q3 Earnings and Revenues Surpass Estimates  ,Zacks.com
6/27/2019 8:15:04 AM - ,Patterson Cos. (PDCO) Lags Q4 Earnings Estimates  ,Zacks.com
6/27/2019 8:15:00 AM - ,"Ericsson to Build Smart Factory in US, Eyes Global Expansion  ",Zacks.com
6/27/2019 8:14:49 AM - ,Look Under The Hood: MGC Has 10% Upside  ,BNK Invest
6/27/2019 8:14:48 AM - ,Analysts Expect XLF To Hit $30  ,BNK Invest
6/27/2019 8:12:00 AM - ,Greif (GEF) Provides Guidance for FY22 on Investor Day  ,Zacks.com
6/27/2019 8:12:00 AM - ,How Risky Is Activision Blizzard?  ,Motley Fool
6/27/2019 8:11:00 AM - ,Park Hotels (PK) Sheds Non-Core Assets Worth $166 Million  ,Zacks.com
6/27/2019 8:10:48 AM - ,The 7 Best Penny Stocks to Buy  ,InvestorPlace Media
6/27/2019 8:10:00 AM ,Swiss retailer Migros puts department stores up for sale  ,Reuters
6/27/2019 8:10:00 AM - ,Chemical Specialty Industry Outlook Rosy Despite Trade Woes  ,Zacks.com
6/27/2019 8:08:10 AM - ,"For Nio Stock, Maybe Being “China’s Tesla” Isn’t Good Enough After All  ",InvestorPlace Media
6/27/2019 8:08:00 AM ,Brazil's central bank cuts 2019 GDP growth forecast to 0.8% from 2.0%  ,Reuters
6/27/2019 8:07:00 AM ,Airlines urge regulators to work together to return 737 MAX to service  ,Reuters
6/27/2019 8:05:03 AM - ,Accenture (ACN) Q3 Earnings and Revenues Top Estimates  ,Zacks.com
6/27/2019 8:03:43 AM - ,Analysts Predict 16% Gains Ahead For FTXR  ,BNK Invest
6/27/2019 8:00:00 AM ,U.S. Congress clashes over border funding as migrants kept in squalor  ,Reuters
6/27/2019 8:00:00 AM - ,Dollar's Largest Monthly Loss Since 2018: ETF Winners  ,Zacks.com
6/27/2019 7:58:46 AM - ,3 Pros and 3 Cons for Intel Stock  ,InvestorPlace Media
6/27/2019 7:58:00 AM ,New Istanbul mayor a catalyst for change in old Erdogan stronghold  ,Reuters
6/27/2019 7:55:00 AM ,"Conagra sales, profit miss estimates; shares fall  ",Reuters
6/27/2019 7:55:00 AM ,"Conagra misses estimates on weak sales, production hiccups; shares fall  ",Reuters
6/27/2019 7:55:00 AM ,"Conagra misses estimates as rivals step up promotions, cut prices  ",Reuters
6/27/2019 7:53:00 AM - ,3 Key Things From Canopy Growth's Earnings Call That Investors Should Know  ,Motley Fool
6/27/2019 7:52:00 AM ,UK discovers 26 billion pounds in statistics review  ,Reuters
6/27/2019 7:51:00 AM ,Forex held by Turkish locals at record high as of June 21  ,Reuters
6/27/2019 7:51:00 AM - ,American Airlines Prepares to Retire Its Aging MD-80 Fleet  ,Motley Fool
6/27/2019 7:49:00 AM ,"U.S. STOCKS ON THE MOVE-Boeing, Pier 1 Imports, Rite Aid  ",Reuters
6/27/2019 7:48:00 AM ,India market regulator raises disclosure norms; tightens rules for mutual funds  ,Reuters
6/27/2019 7:47:00 AM ,"Despite need for Sinai funds, Egypt unlikely to join Kushner plan  ",Reuters
6/27/2019 7:46:51 AM - ,Why Allstate is a Top Socially Responsible Dividend Stock (ALL)  ,BNK Invest
6/27/2019 7:45:04 AM - ,Apogee Enterprises (APOG) Surpasses Q1 Earnings and Revenue Estimates  ,Zacks.com
6/27/2019 7:45:04 AM - ,McCormick (MKC) Q2 Earnings Top Estimates  ,Zacks.com
6/27/2019 7:45:00 AM ,"One dead, several wounded in two suicide bomber attacks in Tunisian capital  ",Reuters
6/27/2019 7:45:00 AM ,"One dead, several hurt in suicide bomber attacks in Tunisian capital  ",Reuters
6/27/2019 7:45:00 AM ,"One dead, several wounded in two suicide bomb attacks in Tunisian capital  ",Reuters
6/27/2019 7:45:00 AM - ,What It's Going to Take to Survive the Next Round of Store Closures  ,Motley Fool
6/27/2019 7:44:01 AM - ,GPMT Named Top 10 REIT at Dividend Channel With 8.89% Yield  ,BNK Invest
6/27/2019 7:44:00 AM ,US STOCKS-Futures edge higher on trade truce hopes  ,Reuters
6/27/2019 7:44:00 AM ,Futures edge higher on trade truce hopes  ,Reuters
6/27/2019 7:40:00 AM - ,Add Value to Your Investment With These 4 Low P/CF Stocks  ,Zacks.com
6/27/2019 7:39:00 AM - ,Regeneron & Sanofi Get FDA Nod for Dupixent Label Expansion  ,Zacks.com
6/27/2019 7:36:00 AM ,MTN Nigeria shares hit lowest since listing after $2 bln tax case adjourned  ,Reuters
6/27/2019 7:36:00 AM - ,Will Novavax Continue to Surge Higher?  ,Zacks.com
6/27/2019 7:36:00 AM - ,The Sneaky Way to Play the CBD Craze: Extraction  ,Motley Fool
6/27/2019 7:34:00 AM ,TSX futures rise on global cues  ,Reuters
6/27/2019 7:34:00 AM - ,FedEx Adjusts to the Headwinds  ,Motley Fool
6/27/2019 7:32:00 AM - ,No Rate Hike a Boon for Utilities: 4 Utility Stocks in Focus  ,Zacks.com
6/27/2019 7:31:30 AM - ,Is American Funds EuroPacific Growth F (AEGFX) a Strong Mutual Fund Pick Right Now?  ,Zacks.com
6/27/2019 7:31:30 AM - ,Is American Funds Growth Fund of America C (GFACX) a Strong Mutual Fund Pick Right Now?  ,Zacks.com
6/27/2019 7:31:30 AM - ,Is JPMorgan Disciplined Equity A (JDEAX) a Strong Mutual Fund Pick Right Now?  ,Zacks.com
6/27/2019 7:31:30 AM - ,Is Vanguard Mid-Cap Growth Index Admiral (VMGMX) a Strong Mutual Fund Pick Right Now?  ,Zacks.com
6/27/2019 7:30:02 AM - ,GMS Inc. (GMS) Q4 Earnings and Revenues Miss Estimates  ,Zacks.com
6/27/2019 7:30:00 AM ,Recruiter Staffline plunges after swings to a loss on wage-related probe  ,Reuters
6/27/2019 7:27:00 AM - ,Greece ETF (GREK) Hits New 52-Week High  ,Zacks.com
6/27/2019 7:26:00 AM ,"Walgreens beats estimates on higher branded drug prices, prescription volume  ",Reuters
6/27/2019 7:26:00 AM ,Walgreens third-quarter profit beats estimates on higher pharmacy sales  ,Reuters
6/27/2019 7:26:00 AM ,"Walgreens beats estimates on prescription drug sales, shares rise  ",Reuters
6/27/2019 7:24:00 AM ,"Moody's, Israel's Team8 to create cyber risk standard for businesses  ",Reuters
6/27/2019 7:24:00 AM - ,Should You Invest in the Invesco S&P 500 Equal Weight Industrials ETF (RGI)?  ,Zacks.com
6/27/2019 7:24:00 AM - ,Should iShares Morningstar Mid-Cap Growth ETF (JKH) Be on Your Investing Radar?  ,Zacks.com
6/27/2019 7:24:00 AM - ,Will Fortuna Silver Mines Continue to Surge Higher?  ,Zacks.com
6/27/2019 7:24:00 AM - ,Bet on These 5 Stocks With Exciting Interest Coverage Ratio  ,Zacks.com
6/27/2019 7:23:00 AM - ,Is JPMorgan Diversified Return Emerging Markets Equity ETF (JPEM) a Strong ETF Right Now?  ,Zacks.com
6/27/2019 7:23:00 AM - ,"WashREIT (WRE) to Sell 8 Retail Assets, Revises '19 Guidance  ",Zacks.com
6/27/2019 7:17:00 AM ,"Ford to cut 12,000 jobs in Europe by end 2020  ",Reuters
6/27/2019 7:17:00 AM ,"Ford to cut 12,000 jobs in Europe by end of 2020  ",Reuters
6/27/2019 7:14:00 AM ,Italy deploys special powers on Fastweb-Samsung 5G project  ,Reuters
6/27/2019 7:13:00 AM ,"Accenture hikes FY forecast, beats qtrly estimates powered by digital investments  ",Reuters
6/27/2019 7:13:00 AM ,"Accenture's fall in bookings dampens upbeat quarterly profit, forecast  ",Reuters
6/27/2019 7:12:00 AM ,"One dead, several wounded in suicide bomber attacks in Tunisian capital  ",Reuters
6/27/2019 7:09:00 AM ,Iran on course to exceed nuclear pact limit within days -diplomats  ,Reuters
6/27/2019 7:09:00 AM ,Walgreens third-quarter profit falls 23.6%  ,Reuters
6/27/2019 7:09:00 AM ,China c.bank pledges to support growth as global risks rise  ,Reuters
6/27/2019 7:07:05 AM - ,Best ETFs for 2019: Pacer Data & Infrastructure Real Estate ETF Can Win  ,InvestorPlace Media
6/27/2019 7:06:00 AM ,Macron warns he won't sign Mercosur deal if Brazil leaves climate accord  ,Reuters
6/27/2019 7:03:00 AM - ,What Do Burger Eaters Want?  ,Motley Fool
6/27/2019 7:01:00 AM - ,Who Wins and Who Loses If CBS and Viacom Merge?  ,Motley Fool
6/27/2019 7:00:03 AM - ,Is VWALX a Strong Bond Fund Right Now?  ,Zacks.com
6/27/2019 7:00:00 AM ,Russell remake and G20 leave Wall Street primed for blowout volume  ,Reuters
6/27/2019 7:00:00 AM ,U.S. Supreme Court's business-friendly reputation takes a hit  ,Reuters
6/27/2019 7:00:00 AM ,Russell remake and G20 leave Wall Street primed for blowout volume  ,Reuters
6/27/2019 7:00:00 AM - ,3 Fundamental Outperformers  ,Zacks.com
6/27/2019 6:58:00 AM ,S.Korea's Hyundai Oilbank inks crude oil supply deals with Saudi Aramco  ,Reuters
6/27/2019 6:57:00 AM ,Dollar holds recent gains as hopes rise for U.S.-China trade truce  ,Reuters
6/27/2019 6:57:00 AM ,FOREX-Dollar holds recent gains as hopes rise for U.S.-China trade truce  ,Reuters
6/27/2019 6:55:00 AM ,OPEC expected to roll over deal on supply cuts - Iraqi oil minister  ,Reuters
6/27/2019 6:55:00 AM ,"OPEC set for rollover, may discuss deeper oil curbs - Iraq  ",Reuters
6/27/2019 6:54:00 AM - ,Will Arvinas Continue to Surge Higher?  ,Zacks.com
6/27/2019 6:53:51 AM - ,Don’t Dump Those Alibaba Shares! The Best Is Yet to Come  ,InvestorPlace Media
6/27/2019 6:50:00 AM ,Vivendi's shares fall as concerns mount of hitches to UMG stake sale  ,Reuters
6/27/2019 6:48:00 AM ,MTN Nigeria shares drop to 5-week low as $2 bln tax case adjourned to Oct  ,Reuters
6/27/2019 6:47:00 AM - ,Bear Of The Day: Enviva Partners (EVA)  ,Zacks.com
6/27/2019 6:44:00 AM ,Tanzania's agricultural export earnings fall by more than half  ,Reuters
6/27/2019 6:43:00 AM ,UK discovers 26 bln pounds in statistics review  ,Reuters
6/27/2019 6:42:31 AM - ,Staying out of Antitrust Hearings Only Can Benefit Microsoft Stock  ,InvestorPlace Media
6/27/2019 6:39:00 AM - ,Glacier Bancorp (GBCI) Announces Dividend Hike: Worth a Look?  ,Zacks.com
6/27/2019 6:38:02 AM - ,Netflix Stock Investors Fear Of The Roaring Mouse Is Misplaced  ,InvestorPlace Media
6/27/2019 6:36:00 AM ,Trade tensions put energy transition at risk- BP chairman  ,Reuters
6/27/2019 6:35:00 AM - ,Why Eldorado Resorts' Bet on Caesars Entertainment Has Good Odds  ,Motley Fool
6/27/2019 6:32:00 AM ,"Oil slips below $66 ahead of G20, OPEC meeting  ",Reuters
6/27/2019 6:30:00 AM - ,Less Than 40% of Credit Card Holders Have Used This Smart Debt Payoff Technique  ,Motley Fool
6/27/2019 6:30:00 AM - ,3 Stocks to Buy and Hold for Decades  ,Motley Fool
6/27/2019 6:23:00 AM ,Eurozone bond yields rise as German inflation ticks up  ,Reuters
6/27/2019 6:23:00 AM - ,Bull Of The Day: Diodes Incorporated (DIOD)  ,Zacks.com
6/27/2019 6:21:00 AM ,Trial resumes for some Saudi women activists; rights record in focus  ,Reuters
6/27/2019 6:15:00 AM ,"Pound gains before G20 meeting, large option bets  ",Reuters
6/27/2019 6:15:00 AM ,Natixis gets a boost as Morningstar resumes coverage of H20 fund  ,Reuters
6/27/2019 6:15:00 AM ,Morningstar resumes coverage of Natixis's troubled H2O fund  ,Reuters
6/27/2019 6:15:00 AM ,Morningstar resumes coverage of Natixis's troubled H20 fund  ,Reuters
6/27/2019 6:14:00 AM ,PRECIOUS-Gold falls as hopes of U.S.-China trade truce boost riskier assets  ,Reuters
6/27/2019 6:14:00 AM ,Gold falls as hopes of U.S.-China trade truce boost riskier assets  ,Reuters
6/27/2019 6:09:00 AM ,Air India plane makes emergency landing in UK after hoax bomb threat  ,Reuters
6/27/2019 6:09:00 AM ,Air India plane escorted by fighters to land in London after bomb threat  ,Reuters
6/27/2019 6:06:00 AM ,Antitrust regulators may also scrutinise internet firms' cryptocurrencies -German cartel chief  ,Reuters
6/27/2019 6:03:00 AM ,UN looks for U.S.-Russia understanding to spur Syria peace process  ,Reuters
6/27/2019 6:00:24 AM - ,Best ETFs for 2019: The Global X Robotics and AI ETF Is Just OK Right Now  ,InvestorPlace Media
6/27/2019 6:00:00 AM ,U.S. states unsure how to halt online sales of abortion pills amid clinic crackdown  ,Reuters
6/27/2019 6:00:00 AM ,'League of Legends' publisher hires Nielsen to measure sponsorship value  ,Reuters
6/27/2019 6:00:00 AM - ,Rite Aid Delivers Another Disappointment With Its Q1 Results  ,Motley Fool
6/27/2019 5:57:00 AM ,Fastjet's hope for profit pinned on Zimbabwe currency  ,Reuters
6/27/2019 5:52:00 AM ,Nissan's Saikawa gets lowest approval among directors endorsed at AGM  ,Reuters
6/27/2019 5:51:00 AM ,Turkey revives plan to tap 46 bln lira in central bank's legal reserves  ,Reuters
6/27/2019 5:51:00 AM ,Turkey revives plan to tap 46 bln lira in central bank legal reserves  ,Reuters
6/27/2019 5:46:00 AM ,China urges U.S. to cancel sanctions on Huawei as Trump-Xi meeting looms  ,Reuters
6/27/2019 5:46:00 AM ,China urges U.S. to lift sanctions on Huawei as Trump-Xi meeting looms  ,Reuters
6/27/2019 5:45:00 AM ,Canon hit with 28 mln euro EU fine for jumping gun in Toshiba deal  ,Reuters
6/27/2019 5:43:00 AM ,"Bitcoin slides 12%, ending recent surge  ",Reuters
6/27/2019 5:42:00 AM ,VW expected to reap 1.55 bln eur from truck unit Traton IPO - bookrunner  ,Reuters
6/27/2019 5:33:00 AM ,Japan warns UK PM rivals: no-deal Brexit could end our investment honeymoon  ,Reuters
6/27/2019 5:33:00 AM ,"No-deal Brexit could end Japan investment boom, envoy tells UK PM rivals  ",Reuters
6/27/2019 5:30:00 AM ,U.S.-China trade hopes lift emerging stocks; FX mixed  ,Reuters
6/27/2019 5:30:00 AM - ,Chipotle Tries a New Answer to Its Worker Churn Problem: Team Bonuses  ,Motley Fool
6/27/2019 5:28:00 AM ,Italy sells bonds at lowest yields in 14 months  ,Reuters
6/27/2019 5:28:00 AM ,"China c.bank will keep liquidity ample, yuan stable  ",Reuters
6/27/2019 5:27:00 AM ,Regulators may take interest in internet giants' cryptocurrencies - German cartel office  ,Reuters
6/27/2019 5:26:00 AM ,"Trump peace plan conference is blip on Israel's radar as political, Iran crises swirl  ",Reuters
6/27/2019 5:26:00 AM ,Moody's sees risk of Lebanon debt rescheduling despite budget  ,Reuters
6/27/2019 5:16:05 AM - ,Best ETFs for 2019: Water Widens Its Lead From Drip To Flow  ,InvestorPlace Media
6/27/2019 5:15:00 AM ,"Can Europe, Brexit inspire China's bid for mega market?  ",Reuters
6/27/2019 5:14:00 AM ,Thai June headline inflation rate seen easing to 1.1%  ,Reuters
6/27/2019 5:11:01 AM - ,Another Indian Crypto Exchange Shuts Down Blaming Banking Ban  ,Coindesk
6/27/2019 5:09:00 AM ,VW's Traton IPO expected to price at low end of range - bookrunner  ,Reuters
6/27/2019 5:02:00 AM ,ADNOC closes $4 bln pipeline deal with KKR and BlackRock  ,Reuters
6/27/2019 5:02:00 AM ,Morningstar resumes coverage of Natixis' H2O Allegro fund with 'Neutral' rating  ,Reuters
6/27/2019 5:00:00 AM - ,Do I Pay Social Security Taxes on All of My Income?  ,Motley Fool
6/27/2019 5:00:00 AM - ,4 Savings Goals You Should Set Today  ,Motley Fool
6/27/2019 4:58:00 AM ,Grab raises $300 mln from asset manager Invesco to fuel growth  ,Reuters
6/27/2019 4:54:00 AM ,China's June factory PMI seen in contraction as demand falters  ,Reuters
6/27/2019 4:54:00 AM ,"Oil slips to $66 ahead of G20, OPEC meeting  ",Reuters
6/27/2019 4:53:00 AM ,"Currencies steady, stock markets rise on trade truce hopes  ",Reuters
6/27/2019 4:47:00 AM ,"South Africa records FDI, portfolio investment inflows in Q1  ",Reuters
6/27/2019 4:39:00 AM ,Sino-U.S. trade truce hopes rekindle risk appetite  ,Reuters
6/27/2019 4:38:00 AM ,China says Canadian navy ships sailed through Taiwan strait  ,Reuters
6/27/2019 4:37:00 AM ,Premier Oil raises resource estimate for Zama field  ,Reuters
6/27/2019 4:28:00 AM ,Tata Chemicals plans first UK industrial carbon capture demo plant  ,Reuters
6/27/2019 4:26:46 AM - ,Confusion Lingers Over Direction of Trade Talks as G20 Showdown Approaches  ,FX Empire
6/27/2019 4:24:00 AM ,Hungary cbank's key price gauge to peak at 3.8% in Q4 - CPI report  ,Reuters
6/27/2019 4:22:25 AM - ,European Investors Cautiously Optimistic; BoE’s Carney Says He’ll Cut Rates if “No-Deal” Brexit  ,FX Empire
6/27/2019 4:18:00 AM ,European shares set to snap four-day losing streak on U.S.-China trade optimism  ,Reuters
6/27/2019 4:12:00 AM ,Britain's FTSE 100 rises on brighter Sino-U.S. trade picture  ,Reuters
6/27/2019 4:12:00 AM ,"Russian rouble opens flat, G20 and OPEC in focus  ",Reuters
6/27/2019 4:12:00 AM ,FTSE 100 slips on uncertain U.S.-China trade prospects  ,Reuters
6/27/2019 4:10:39 AM - ,Singapore Exchange Bitrue Hacked for Over $4 Million in Crypto  ,Coindesk
6/27/2019 4:10:00 AM ,South Africa's records FDI inflows of 11.7 bln rand in Q1  ,Reuters
6/27/2019 4:07:39 AM - ,Validea Peter Lynch Strategy Daily Upgrade Report - 6/27/2019  ,Validea
6/27/2019 4:07:29 AM - ,Validea Motley Fool Strategy Daily Upgrade Report - 6/27/2019  ,Validea
6/27/2019 4:07:22 AM - ,Validea Martin Zweig Strategy Daily Upgrade Report - 6/27/2019  ,Validea
6/27/2019 4:07:13 AM - ,Validea Kenneth Fisher Strategy Daily Upgrade Report - 6/27/2019  ,Validea
6/27/2019 4:07:07 AM - ,Validea Joseph Piotroski Strategy Daily Upgrade Report - 6/27/2019  ,Validea
6/27/2019 4:07:00 AM ,Lebanese veterans block highways in budget protest  ,Reuters
6/27/2019 4:07:00 AM - ,Validea Joel Greenblatt Strategy Daily Upgrade Report - 6/27/2019  ,Validea
6/27/2019 4:06:55 AM - ,Validea James P. O'Shaughnessy Strategy Daily Upgrade Report - 6/27/2019  ,Validea
6/27/2019 4:06:50 AM - ,Validea David Dreman Strategy Daily Upgrade Report - 6/27/2019  ,Validea
6/27/2019 4:00:00 AM ,South Africa's Mminele quits as central bank deputy governor  ,Reuters
6/27/2019 3:58:00 AM ,"China opposes U.S. abuse of export control, urges cooperation  ",Reuters
6/27/2019 3:58:00 AM ,Italian Bracco Imaging boosts portfolio with $450 mln deal  ,Reuters
6/27/2019 3:53:00 AM ,"Bayer buoyed by new approach to glyphosate lawsuits, Elliott stake  ",Reuters
6/27/2019 3:53:00 AM ,"Bayer lifted by new plan to tackle glyphosate lawsuits, Elliott approval  ",Reuters
6/27/2019 3:52:00 AM ,Cabin crew urge Taiwan's Eva Air to resume talks amid week-long strike  ,Reuters
6/27/2019 3:40:00 AM ,Saudi stocks lead Gulf higher as it eases foreign ownership limit  ,Reuters
6/27/2019 3:37:00 AM ,Eurozone bond yields rise on hope for U.S.-China truce  ,Reuters
6/27/2019 3:36:00 AM ,Rising hopes of trade truce lift China stocks  ,Reuters
6/27/2019 3:34:14 AM - ,Traders Managing Exposures Ahead of The G20 Summit  ,FX Empire
6/27/2019 3:33:00 AM ,Pieridae to buy Shell Canada gas assets for C$190 mln  ,Reuters
6/27/2019 3:29:00 AM ,Swiss Re's ReAssure valued at up to $4.2 bln in IPO  ,Reuters
6/27/2019 3:29:00 AM ,Iran still short of nuclear deal's enriched uranium cap -diplomats  ,Reuters
6/27/2019 3:25:00 AM ,FTSE 100 treads higher on brighter Sino-U.S. trade picture  ,Reuters
6/27/2019 3:20:00 AM ,Dollar builds on rebound as hopes rise for U.S.-China trade truce  ,Reuters
6/27/2019 3:20:00 AM ,U.S-China trade deal confidence support European shares  ,Reuters
6/27/2019 3:20:00 AM ,FOREX-Dollar builds on rebound as hopes rise for U.S.-China trade truce  ,Reuters
6/27/2019 3:17:00 AM ,PRECIOUS-Gold falls as dollar edges higher; U.S.-China trade talks in focus  ,Reuters
6/27/2019 3:17:00 AM ,Eurobank to sell sour mortgage loan notes to Pimco unit  ,Reuters
6/27/2019 3:16:00 AM ,South Africa's rand slips in profit-taking ahead of G20 summit  ,Reuters
6/27/2019 3:16:00 AM ,Spanish inflation falls to lowest level since end 2016 in June  ,Reuters
6/27/2019 3:16:00 AM ,Canadian LNG terminal Woodfibre signs up BP as its first customer  ,Reuters
6/27/2019 3:09:00 AM ,Israel issues first 50-year bonds for 500 mln euros  ,Reuters
6/27/2019 3:06:00 AM ,"Oil prices drop as traders wait for G20, OPEC+ meetings  ",Reuters
6/27/2019 3:06:00 AM ,"Oil edges higher ahead of G20, OPEC meeting  ",Reuters
6/27/2019 3:03:00 AM ,Asian shares turn up on Sino-U.S. trade truce hopes  ,Reuters
6/27/2019 3:03:00 AM ,Zambia directs state power firm to take cost-cutting measures  ,Reuters
6/27/2019 3:01:00 AM ,Amazon launches new in-store pickup option with Rite Aid as first partner  ,Reuters
6/27/2019 3:00:00 AM ,Mursi's death in Cairo prison raises fears for other inmates  ,Reuters
6/27/2019 2:59:00 AM ,Britain's Serco nudges 2019 revenue outlook higher  ,Reuters
6/27/2019 2:57:00 AM ,Nikkei rises on hopes for progress in US-China trade talks at G20  ,Reuters
6/27/2019 2:54:00 AM ,LGT buys majority stake in India's Validus Wealth  ,Reuters
6/27/2019 2:54:00 AM ,Russian lender TCS to offer GDRs to boost its capital  ,Reuters
6/27/2019 2:50:00 AM ,"Superdry delays annual results after profit warning, management changes  ",Reuters
6/27/2019 2:46:00 AM ,Lebanese army veterans block highways to protest budget cuts  ,Reuters
6/27/2019 2:43:00 AM ,Legal & General strikes $5 bln house-building JV with Oxford University  ,Reuters
6/27/2019 2:40:00 AM ,Trump demands withdrawal of India's 'unacceptable' tariff hike  ,Reuters
6/27/2019 2:35:00 AM ,Norway central bank plans NOK 3-6 bln bond issues in Q3  ,Reuters
6/27/2019 1:45:44 AM - ,The pros and cons of gold  ,BlackRock
6/27/2019 1:23:27 AM - ,KB Home (KBH) Q2 2019 Earnings Call Transcript  ,Motley Fool
6/27/2019 1:16:12 AM - ,Chipmakers Help NASDAQ Break 3-Day Losing Streak  ,Zacks.com
6/27/2019 1:00:00 AM - ,Want To Be Rich? Here's Why Buy-And-Hold Won't Get You There...  ,StreetAuthority
6/26/2019 11:45:00 PM - ,Change Healthcare prices IPO below the range at $13  ,Renaissance Capital
6/26/2019 11:33:44 PM - ,It’s Risk on with the Markets Hoping for a Resolution to the Trade War  ,FX Empire
6/26/2019 10:29:15 PM - ,"Bitcoin Price Gains for 8th Straight Session, Extending 2019’s Longest Streak  ",Coindesk
6/26/2019 10:22:00 PM - ,Why Semiconductor Shares Are Rallying After Micron's Latest Move  ,Motley Fool
6/26/2019 10:17:00 PM - ,Is Alliance Resource Partners a Buy?  ,Motley Fool
6/26/2019 10:15:00 PM - ,3 Stocks to Hold for the Next 20 Years  ,Motley Fool
6/26/2019 10:15:00 PM - ,Will Sprouts Farmers Market Ever Thrive?  ,Motley Fool
6/26/2019 9:23:15 PM - ,Rite Aid Corp (RAD) Q1 2020 Earnings Call Transcript  ,Motley Fool
6/26/2019 9:00:00 PM - ,Why I Moved My Money Out of a Robo-Advisor  ,Motley Fool
6/26/2019 8:39:00 PM - ,Why Mattel's Failed Merger Talks Could Be a Good Thing  ,Motley Fool
6/26/2019 8:32:00 PM - ,"After Hours: Rite Aid, Pier 1 Both Hit by Poor Q1s  ",Motley Fool
6/26/2019 8:00:00 PM - ,The Guts of An Apple iPhone Show Exactly What Trump Gets Wrong About Trade  ,Motley Fool
6/26/2019 7:58:32 PM - ,Rate Cuts Will Hurt This Sector …  ,InvestorPlace Media
6/26/2019 7:50:00 PM - ,Exclusive: How 1 Scrappy All-Business Class Airline Carved Out a Niche for Itself  ,Motley Fool
6/26/2019 7:32:12 PM - ,The Last Ones To Add More Stock Risk Will Have Rotten Nest Eggs  ,SeekingAlpha
6/26/2019 7:24:00 PM - ,3 Top Stocks That Aren't on Wall Street's Radar  ,Motley Fool
6/26/2019 7:13:00 PM - ,What's Next for Micron (MU) Stock After Q3 Earnings as Huawei Shipments Resume?  ,Zacks.com
6/26/2019 7:04:00 PM - ,Micron Surprises Investors  ,Motley Fool
6/26/2019 6:53:00 PM - ,"Adaptive Biotechnologies prices upsized IPO at $20, above upwardly revised the range  ",Renaissance Capital
6/26/2019 6:44:00 PM - ,What to Make of Constellation Brands (STZ) Stock Heading into Q1 Earnings  ,Zacks.com
6/26/2019 6:43:00 PM - ,Genomic diagnostics provider Castle Biosciences files for a $58 million IPO  ,Renaissance Capital
6/26/2019 6:19:00 PM - ,Leidos Holdings to Provide IAAI Solutions and Services to HHS  ,Zacks.com
6/26/2019 6:17:00 PM - ,Pacira Gets EMA Acceptance for Pain Management Drug Exparel  ,Zacks.com
6/26/2019 6:15:00 PM - ,Deckers (DECK) Up 19% in 3 Months: What's Driving the Stock?  ,Zacks.com
6/26/2019 6:13:00 PM - ,Amazon's New Surveillance Patent to Boost Drone Market Reach  ,Zacks.com
6/26/2019 6:12:00 PM - ,"UnitedHealth (UNH) Closes DaVita Unit Buy, Expands OptumCare  ",Zacks.com
6/26/2019 6:08:00 PM - ,Here's Why You Should Add NewJersey Resources (NJR) Stock  ,Zacks.com
6/26/2019 6:05:00 PM - ,"ANSYS, AVSimulation Partner to Propel ADAS Design Development  ",Zacks.com
6/26/2019 6:03:00 PM - ,Did Altria Waste $13 Billion on Juul E-Cigs?  ,Motley Fool
6/26/2019 6:00:00 PM - ,"Crypto News: JPMorgan to Start Trials, IBM Launches New Enterprise Blockchain Platform  ",Motley Fool
6/26/2019 6:00:00 PM - ,How To Invest As The Trade War Progresses  ,Zacks.com
6/26/2019 5:56:00 PM - ,FMC Corp. (FMC) to Invest $50M in Global R&D Headquarters  ,Zacks.com
6/26/2019 5:53:00 PM - ,Microsoft OneDrive Personal Vault Feature to Boost Adoption  ,Zacks.com
6/26/2019 5:51:00 PM - ,Is Allergan a Good Deal for AbbVie?  ,Zacks.com
6/26/2019 5:50:21 PM - ,Canada Goose (GOOS) Gains As Market Dips: What You Should Know  ,Zacks.com
6/26/2019 5:50:20 PM - ,Wesco Aircraft Holdings (WAIR) Gains As Market Dips: What You Should Know  ,Zacks.com
6/26/2019 5:50:20 PM - ,Teva Pharmaceutical Industries Ltd. (TEVA) Gains As Market Dips: What You Should Know  ,Zacks.com
6/26/2019 5:50:20 PM - ,Fortinet (FTNT) Gains As Market Dips: What You Should Know  ,Zacks.com
6/26/2019 5:50:20 PM - ,Match Group (MTCH) Dips More Than Broader Markets: What You Should Know  ,Zacks.com
6/26/2019 5:50:20 PM - ,Kinder Morgan (KMI) Gains As Market Dips: What You Should Know  ,Zacks.com
6/26/2019 5:50:19 PM - ,Rent-A-Center (RCII) Dips More Than Broader Markets: What You Should Know  ,Zacks.com
6/26/2019 5:50:18 PM - ,Activision Blizzard (ATVI) Gains As Market Dips: What You Should Know  ,Zacks.com
6/26/2019 5:50:10 PM - ,Aphria Inc. (APHA) Gains As Market Dips: What You Should Know  ,Zacks.com
6/26/2019 5:50:10 PM - ,Turtle Beach (HEAR) Gains As Market Dips: What You Should Know  ,Zacks.com
6/26/2019 5:45:24 PM - ,Exfo (EXFO) Gains As Market Dips: What You Should Know  ,Zacks.com
6/26/2019 5:45:24 PM - ,Energy Transfer LP (ET) Gains As Market Dips: What You Should Know  ,Zacks.com
6/26/2019 5:45:24 PM - ,Twilio Inc. (TWLO) Dips More Than Broader Markets: What You Should Know  ,Zacks.com
6/26/2019 5:45:23 PM - ,Cadence Design Systems (CDNS) Gains As Market Dips: What You Should Know  ,Zacks.com
6/26/2019 5:45:23 PM - ,Visa (V) Dips More Than Broader Markets: What You Should Know  ,Zacks.com
6/26/2019 5:45:23 PM - ,Zynerba Pharmaceuticals (ZYNE) Dips More Than Broader Markets: What You Should Know  ,Zacks.com
6/26/2019 5:45:23 PM - ,Yeti (YETI) Gains As Market Dips: What You Should Know  ,Zacks.com
6/26/2019 5:45:23 PM - ,The Joint Corp. (JYNT) Gains As Market Dips: What You Should Know  ,Zacks.com
6/26/2019 5:45:22 PM - ,TJX (TJX) Dips More Than Broader Markets: What You Should Know  ,Zacks.com
6/26/2019 5:45:22 PM - ,Ford (F) Gains As Market Dips: What You Should Know  ,Zacks.com
6/26/2019 5:45:22 PM - ,"IQIYI, Inc. Sponsored ADR (IQ) Gains As Market Dips: What You Should Know  ",Zacks.com
6/26/2019 5:45:22 PM - ,CVS Health (CVS) Gains As Market Dips: What You Should Know  ,Zacks.com
6/26/2019 5:45:22 PM - ,IRobot (IRBT) Dips More Than Broader Markets: What You Should Know  ,Zacks.com
6/26/2019 5:45:21 PM - ,CenturyLink (CTL) Gains As Market Dips: What You Should Know  ,Zacks.com
6/26/2019 5:45:21 PM - ,Kohl's (KSS) Gains As Market Dips: What You Should Know  ,Zacks.com
6/26/2019 5:45:21 PM - ,Enterprise Products Partners (EPD) Gains As Market Dips: What You Should Know  ,Zacks.com
6/26/2019 5:45:21 PM - ,ServiceNow (NOW) Stock Moves -0.02%: What You Should Know  ,Zacks.com
6/26/2019 5:45:18 PM - ,Enova International (ENVA) Stock Moves -0.05%: What You Should Know  ,Zacks.com
6/26/2019 5:40:00 PM - ,The 2 Biggest Casualties From the Celgene-Bristol-Myers Merger (So Far)  ,Motley Fool
6/26/2019 5:36:00 PM - ,28% of Americans Are Making This Frightening Financial Mistake  ,Motley Fool
6/26/2019 5:35:02 PM - ,"Rite Aid (RAD) Reports Q1 Loss, Tops Revenue Estimates  ",Zacks.com
6/26/2019 5:35:00 PM - ,BlackBerry Earnings: What You Need to Know  ,Motley Fool
6/26/2019 5:32:00 PM - ,Tech-focused SPAC Orisun Acquisition files for a $40 million IPO  ,Renaissance Capital
6/26/2019 5:25:04 PM - ,Herman Miller (MLHR) Beats Q4 Earnings and Revenue Estimates  ,Zacks.com
6/26/2019 5:25:04 PM - ,KB Home (KBH) Q2 Earnings and Revenues Surpass Estimates  ,Zacks.com
6/26/2019 5:25:03 PM - ,H. B. Fuller (FUL) Q2 Earnings and Revenues Miss Estimates  ,Zacks.com
6/26/2019 5:15:00 PM - ,5 Major Decisions New Retirees Need to Make  ,Motley Fool
6/26/2019 5:10:00 PM - ,NBCUniversal Just Made a $500 Million Bet on Its Future Streaming Service  ,Motley Fool
6/26/2019 5:07:14 PM - ,"Pier 1 Earnings: PIR Stock Plummets as Q1 Loss Widens, Sales Fall 15%  ",InvestorPlace Media
6/26/2019 5:04:39 PM - ,What Happened in the Stock Market Today  ,Motley Fool
6/26/2019 5:03:50 PM - ,"KERN Stock: What Happened, and What’s Next  ",InvestorPlace Media
6/26/2019 5:00:00 PM - ,Why Pareteum Stock Plunged Today  ,Motley Fool
6/26/2019 4:53:49 PM - ,"KB Home Earnings: KBH Stock Soars as Q2 EPS, Sales Slide, Top Guidance  ",InvestorPlace Media
6/26/2019 4:46:45 PM - ,"Nasdaq Today: Semis Rally, Micron Earnings, Suing FB and GOOGL?  ",InvestorPlace Media
6/26/2019 4:45:10 PM - ,"Market Close Report: NASDAQ Composite index closes at 7,909.97 up 25.25 points  ",NASDAQ.com News
6/26/2019 4:41:00 PM - ,"Why BlackBerry, AeroVironment, and Global Blood Therapeutics Slumped on Wednesday  ",Motley Fool
6/26/2019 4:40:29 PM - ,"Dow Jones Today: Steady, But Some Patches of Excitement  ",InvestorPlace Media
6/26/2019 4:32:00 PM - ,Here's Why Bitcoin and Grayscale Bitcoin Trust Are Soaring Today  ,Motley Fool
6/26/2019 4:31:00 PM - ,"Why EnscoRowan, Grocery Outlet Holding, and Overstock.com Jumped Today  ",Motley Fool
6/26/2019 4:29:59 PM - ,"After Hours Most Active for Jun 26, 2019 :  GE, BAC, UBER, MO, AVTR, HAL  ",NASDAQ.com News
6/26/2019 4:29:39 PM - ,Chip Rally Lifts Nasdaq; S&P Extends Losing Streak  ,Schaeffer's Research
6/26/2019 4:26:52 PM - ,JBG SMITH Properties Becomes Oversold (JBGS)  ,BNK Invest
6/26/2019 4:26:49 PM - ,Relative Strength Alert For CommScope Holding  ,BNK Invest
6/26/2019 4:26:40 PM - ,Criteo Becomes Oversold  ,BNK Invest
6/26/2019 4:26:31 PM - ,Notable Two Hundred Day Moving Average Cross - SRG  ,BNK Invest
6/26/2019 4:26:26 PM - ,Douglas Emmett Becomes Oversold (DEI)  ,BNK Invest
6/26/2019 4:26:11 PM - ,Relative Strength Alert For ANGI Homeservices  ,BNK Invest
6/26/2019 4:26:07 PM - ,Coca-Cola Consolidated Becomes Oversold (COKE)  ,BNK Invest
6/26/2019 4:25:00 PM - ,A Quest for Scale: Why Newmont Bought Goldcorp  ,Motley Fool
6/26/2019 4:25:00 PM - ,Earnings Growth Challenges to Persist  ,Zacks.com
6/26/2019 4:24:13 PM - ,Oversold Conditions For ViaSat (VSAT)  ,BNK Invest
6/26/2019 4:24:00 PM - ,Earnings Growth Challenges to Persist  ,Zacks.com
6/26/2019 4:23:54 PM - ,Oversold Conditions For National General Holdings (NGHC)  ,BNK Invest
6/26/2019 4:23:52 PM - ,Verint Systems Enters Oversold Territory (VRNT)  ,BNK Invest
6/26/2019 4:23:28 PM - ,Schnitzer Steel Industries Inc (SCHN) Q3 2019 Earnings Call Transcript  ,Motley Fool
6/26/2019 4:23:24 PM - ,General Mills Inc (GIS) Q4 2019 Earnings Call Transcript  ,Motley Fool
6/26/2019 4:23:00 PM - ,Why Investors Should Be Excited For Newmont Goldcorp's Joint Venture With Barrick  ,Motley Fool
6/26/2019 4:17:13 PM - ,MRC Global (MRC) Shares Cross Above 200 DMA  ,BNK Invest
6/26/2019 4:07:54 PM - ,AGO Makes Notable Cross Below Critical Moving Average  ,BNK Invest
6/26/2019 4:07:53 PM - ,Notable Two Hundred Day Moving Average Cross - OFC  ,BNK Invest
6/26/2019 4:06:00 PM - ,Legal Sports Gambling  ,Zacks.com
6/26/2019 4:00:00 PM - ,Two Food Stocks to Buy After General Mills (GIS) Posts Weak Q4 Sales  ,Zacks.com
6/26/2019 3:51:15 PM - ,"4 Top Stock Trades for Thursday: MU, Bitcoin, AVGO  ",InvestorPlace Media
6/26/2019 3:48:43 PM - ,Best Stocks for 2019: Amazon Primed for Profits  ,InvestorPlace Media
6/26/2019 3:34:32 PM - ,10 Defense Stocks to Buy During Rising Geopolitical Tensions  ,InvestorPlace Media
6/26/2019 3:31:50 PM - ,Should You Buy Advanced Micro Devices Stock? 3 Things to Consider  ,InvestorPlace Media
6/26/2019 3:12:46 PM - ,6 Worst S&P 500 Stocks of 2019 (So Far)  ,InvestorPlace Media
6/26/2019 3:03:10 PM - ,Stick by CGC Stock Amidst the Volatility  ,InvestorPlace Media
6/26/2019 2:57:00 PM - ,Internet Services Industry Outlook: Opportunities Abound In This Undervalued Segment  ,Zacks.com
6/26/2019 2:52:00 PM - ,"Top Analyst Reports for JPMorgan, Wells Fargo & Duke Energy  ",Zacks.com
6/26/2019 2:42:00 PM - ,FinTech Stocks Burn Rubber in 2019  ,Zacks.com
6/26/2019 2:25:16 PM - ,Fulfillment Plans Can Support High-Flying Shopify Stock  ,InvestorPlace Media
6/26/2019 2:20:57 PM - ,JD Stock Is the Best Chinese Equity  ,InvestorPlace Media
6/26/2019 2:06:40 PM - ,3 Tech Blue-Chip Stocks to Buy  ,InvestorPlace Media
6/26/2019 2:01:51 PM - ,Forex Daily Recap – Kiwi Pair Soared +0.84% after RBNZ’s Rate Decision  ,FX Empire
6/26/2019 1:51:07 PM - ,Wednesday Apple Rumors: 2019 iPhone Won’t Use Quantum Dot Camera  ,InvestorPlace Media
6/26/2019 1:38:10 PM - ,Is Microsoft a $100 Stock or a $200 Stock?  ,InvestorPlace Media
6/26/2019 1:35:38 PM - ,Will a Super Card Release in July Reignite Growth in Nvidia Stock?  ,InvestorPlace Media
6/26/2019 1:00:54 PM - ,The 7 Best ETFs to Own for a 5G Boom  ,InvestorPlace Media
6/26/2019 12:58:39 PM - ,MoneyGram News: MGI Stock Soars on Ripple Deal  ,InvestorPlace Media
6/26/2019 12:40:29 PM - ,Paychex Earnings: PAYX Stock Dips on Mixed Q4  ,InvestorPlace Media
6/26/2019 12:33:47 PM - ,"Amazon Is the Ultimate Startup — Stay Long to $2,100 and Beyond  ",InvestorPlace Media
6/26/2019 12:16:48 PM - ,BlackBerry Earnings: 10 Things for BB Stock Investors to Know  ,InvestorPlace Media
6/26/2019 12:10:38 PM - ,3 Cheap Stocks Under $3 to Consider Now  ,InvestorPlace Media
6/26/2019 12:10:10 PM - ,The Top 8 Tech Stocks of 2019 (So Far)  ,InvestorPlace Media
6/26/2019 8:04:08 AM - ,Focus on Protecting Your Nest Egg Once You're Retired  ,Kiplinger
6/26/2019 12:10:11 AM - ,7 Midyear Moves Retirees Can Make to Trim 2019 Tax Tabs  ,Kiplinger
